sample,chain,value
0,0,1
0,1,0
0,2,1
0,3,0
0,4,1
0,5,0
0,6,0
0,7,0
1,0,0
1,1,1
1,2,0
1,3,1
1,4,0
1,5,1
1,6,0
1,7,0
2,0,1
2,1,0
2,2,1
2,3,0
2,4,0
2,5,0
2,6,0
2,7,0
3,0,0
3,1,1
3,2,0
3,3,1
3,4,0
3,5,0
3,6,0
3,7,0
4,0,1
4,1,0
4,2,1
4,3,0
4,4,1
4,5,0
4,6,0
4,7,0
5,0,0
5,1,1
5,2,0
5,3,1
5,4,0
5,5,0
5,6,0
5,7,0
6,0,1
6,1,0
6,2,0
6,3,0
6,4,1
6,5,0
6,6,0
6,7,0
7,0,0
7,1,1
7,2,0
7,3,0
7,4,0
7,5,0
7,6,0
7,7,0
8,0,0
8,1,0
8,2,1
8,3,0
8,4,1
8,5,0
8,6,0
8,7,0
9,0,0
9,1,0
9,2,0
9,3,0
9,4,0
9,5,1
9,6,0
9,7,0
10,0,0
10,1,0
10,2,1
10,3,0
10,4,0
10,5,0
10,6,0
10,7,0
11,0,0
11,1,0
11,2,0
11,3,1
11,4,0
11,5,0
11,6,0
11,7,0
12,0,0
12,1,0
12,2,0
12,3,0
12,4,0
12,5,0
12,6,0
12,7,0
13,0,0
13,1,0
13,2,0
13,3,0
13,4,0
13,5,0
13,6,0
13,7,0
14,0,0
14,1,0
14,2,1
14,3,0
14,4,1
14,5,0
14,6,0
14,7,0
15,0,0
15,1,0
15,2,0
15,3,1
15,4,0
15,5,0
15,6,0
15,7,0
16,0,0
16,1,0
16,2,1
16,3,0
16,4,0
16,5,0
16,6,0
16,7,0
17,0,0
17,1,0
17,2,0
17,3,1
17,4,0
17,5,0
17,6,0
17,7,0
18,0,0
18,1,0
18,2,1
18,3,0
18,4,0
18,5,0
18,6,0
18,7,0
19,0,0
19,1,0
19,2,0
19,3,1
19,4,0
19,5,0
19,6,0
19,7,0
20,0,0
20,1,0
20,2,1
20,3,0
20,4,1
20,5,0
20,6,0
20,7,0
21,0,0
21,1,0
21,2,0
21,3,1
21,4,0
21,5,1
21,6,0
21,7,0
22,0,0
22,1,0
22,2,1
22,3,0
22,4,1
22,5,0
22,6,0
22,7,0
23,0,0
23,1,0
23,2,0
23,3,0
23,4,0
23,5,1
23,6,0
23,7,0
24,0,0
24,1,0
24,2,1
24,3,0
24,4,0
24,5,0
24,6,0
24,7,0
25,0,0
25,1,0
25,2,0
25,3,1
25,4,0
25,5,0
25,6,0
25,7,0
26,0,0
26,1,0
26,2,1
26,3,0
26,4,0
26,5,0
26,6,0
26,7,0
27,0,0
27,1,0
27,2,0
27,3,0
27,4,0
27,5,1
27,6,0
27,7,0
28,0,0
28,1,0
28,2,1
28,3,0
28,4,1
28,5,0
28,6,0
28,7,0
29,0,0
29,1,0
29,2,0
29,3,1
29,4,0
29,5,1
29,6,0
29,7,0
30,0,0
30,1,0
30,2,0
30,3,0
30,4,0
30,5,0
30,6,0
30,7,0
31,0,0
31,1,0
31,2,0
31,3,0
31,4,0
31,5,0
31,6,0
31,7,0
32,0,0
32,1,0
32,2,0
32,3,0
32,4,0
32,5,0
32,6,0
32,7,0
33,0,0
33,1,0
33,2,0
33,3,1
33,4,0
33,5,0
33,6,0
33,7,0
34,0,0
34,1,0
34,2,1
34,3,0
34,4,0
34,5,0
34,6,0
34,7,0
35,0,0
35,1,0
35,2,0
35,3,0
35,4,0
35,5,1
35,6,0
35,7,0
36,0,0
36,1,0
36,2,1
36,3,0
36,4,0
36,5,0
36,6,1
36,7,0
37,0,0
37,1,0
37,2,0
37,3,1
37,4,0
37,5,0
37,6,0
37,7,0
38,0,0
38,1,0
38,2,0
38,3,0
38,4,0
38,5,0
38,6,0
38,7,0
39,0,0
39,1,0
39,2,0
39,3,1
39,4,0
39,5,0
39,6,0
39,7,0
40,0,0
40,1,0
40,2,1
40,3,0
40,4,0
40,5,0
40,6,0
40,7,0
41,0,0
41,1,0
41,2,0
41,3,0
41,4,0
41,5,1
41,6,0
41,7,0
42,0,0
42,1,0
42,2,0
42,3,0
42,4,1
42,5,0
42,6,0
42,7,0
43,0,0
43,1,0
43,2,0
43,3,1
43,4,0
43,5,0
43,6,0
43,7,0
44,0,0
44,1,0
44,2,1
44,3,0
44,4,0
44,5,0
44,6,1
44,7,0
45,0,0
45,1,0
45,2,0
45,3,1
45,4,0
45,5,1
45,6,0
45,7,0
46,0,0
46,1,0
46,2,1
46,3,0
46,4,0
46,5,0
46,6,0
46,7,0
47,0,0
47,1,0
47,2,0
47,3,1
47,4,0
47,5,0
47,6,0
47,7,0
48,0,0
48,1,0
48,2,1
48,3,0
48,4,1
48,5,0
48,6,0
48,7,0
49,0,0
49,1,0
49,2,0
49,3,1
49,4,0
49,5,0
49,6,0
49,7,0
50,0,0
50,1,0
50,2,1
50,3,0
50,4,0
50,5,0
50,6,1
50,7,0
51,0,0
51,1,0
51,2,0
51,3,0
51,4,0
51,5,0
51,6,0
51,7,0
52,0,0
52,1,0
52,2,0
52,3,0
52,4,0
52,5,0
52,6,0
52,7,0
53,0,0
53,1,0
53,2,0
53,3,1
53,4,0
53,5,0
53,6,0
53,7,0
54,0,0
54,1,0
54,2,1
54,3,0
54,4,0
54,5,0
54,6,0
54,7,0
55,0,0
55,1,0
55,2,0
55,3,1
55,4,0
55,5,0
55,6,0
55,7,0
56,0,0
56,1,0
56,2,1
56,3,0
56,4,0
56,5,0
56,6,0
56,7,0
57,0,0
57,1,0
57,2,0
57,3,0
57,4,0
57,5,0
57,6,0
57,7,0
58,0,0
58,1,0
58,2,0
58,3,0
58,4,0
58,5,0
58,6,0
58,7,0
59,0,0
59,1,0
59,2,0
59,3,0
59,4,0
59,5,1
59,6,0
59,7,0
60,0,0
60,1,0
60,2,1
60,3,0
60,4,0
60,5,0
60,6,0
60,7,0
61,0,0
61,1,0
61,2,0
61,3,0
61,4,0
61,5,1
61,6,0
61,7,0
62,0,0
62,1,0
62,2,1
62,3,0
62,4,1
62,5,0
62,6,0
62,7,0
63,0,0
63,1,0
63,2,0
63,3,0
63,4,0
63,5,0
63,6,0
63,7,0
64,0,0
64,1,0
64,2,1
64,3,0
64,4,0
64,5,0
64,6,0
64,7,0
65,0,0
65,1,0
65,2,0
65,3,0
65,4,0
65,5,1
65,6,0
65,7,0
66,0,0
66,1,0
66,2,1
66,3,0
66,4,0
66,5,0
66,6,0
66,7,0
67,0,0
67,1,0
67,2,0
67,3,0
67,4,0
67,5,0
67,6,0
67,7,0
68,0,0
68,1,0
68,2,1
68,3,0
68,4,0
68,5,0
68,6,0
68,7,0
69,0,0
69,1,0
69,2,0
69,3,0
69,4,0
69,5,0
69,6,0
69,7,0
70,0,0
70,1,0
70,2,1
70,3,0
70,4,0
70,5,0
70,6,0
70,7,0
71,0,0
71,1,0
71,2,0
71,3,0
71,4,0
71,5,1
71,6,0
71,7,0
72,0,0
72,1,0
72,2,0
72,3,0
72,4,1
72,5,0
72,6,0
72,7,0
73,0,0
73,1,0
73,2,0
73,3,0
73,4,0
73,5,0
73,6,0
73,7,0
74,0,0
74,1,0
74,2,1
74,3,0
74,4,1
74,5,0
74,6,0
74,7,0
75,0,0
75,1,0
75,2,0
75,3,0
75,4,0
75,5,1
75,6,0
75,7,0
76,0,0
76,1,0
76,2,1
76,3,0
76,4,1
76,5,0
76,6,1
76,7,0
77,0,0
77,1,0
77,2,0
77,3,0
77,4,0
77,5,0
77,6,0
77,7,0
78,0,1
78,1,0
78,2,0
78,3,0
78,4,0
78,5,0
78,6,0
78,7,0
79,0,0
79,1,0
79,2,0
79,3,0
79,4,0
79,5,0
79,6,0
79,7,0
80,0,1
80,1,0
80,2,1
80,3,0
80,4,1
80,5,0
80,6,1
80,7,0
81,0,0
81,1,0
81,2,0
81,3,0
81,4,0
81,5,0
81,6,0
81,7,0
82,0,0
82,1,0
82,2,1
82,3,0
82,4,1
82,5,0
82,6,1
82,7,0
83,0,0
83,1,0
83,2,0
83,3,0
83,4,0
83,5,1
83,6,0
83,7,0
84,0,1
84,1,0
84,2,1
84,3,0
84,4,0
84,5,0
84,6,0
84,7,0
85,0,0
85,1,0
85,2,0
85,3,0
85,4,0
85,5,1
85,6,0
85,7,0
86,0,0
86,1,0
86,2,0
86,3,0
86,4,0
86,5,0
86,6,0
86,7,0
87,0,0
87,1,0
87,2,0
87,3,0
87,4,0
87,5,0
87,6,0
87,7,0
88,0,1
88,1,0
88,2,1
88,3,0
88,4,1
88,5,0
88,6,1
88,7,0
89,0,0
89,1,0
89,2,0
89,3,1
89,4,0
89,5,0
89,6,0
89,7,0
90,0,0
90,1,0
90,2,1
90,3,0
90,4,1
90,5,0
90,6,0
90,7,0
91,0,0
91,1,0
91,2,0
91,3,1
91,4,0
91,5,0
91,6,0
91,7,0
92,0,0
92,1,0
92,2,0
92,3,0
92,4,0
92,5,0
92,6,1
92,7,0
93,0,0
93,1,0
93,2,0
93,3,0
93,4,0
93,5,0
93,6,0
93,7,0
94,0,1
94,1,0
94,2,1
94,3,0
94,4,0
94,5,0
94,6,0
94,7,0
95,0,0
95,1,0
95,2,0
95,3,0
95,4,0
95,5,0
95,6,0
95,7,0
96,0,0
96,1,0
96,2,0
96,3,0
96,4,1
96,5,0
96,6,0
96,7,0
97,0,0
97,1,0
97,2,0
97,3,0
97,4,0
97,5,0
97,6,0
97,7,0
98,0,0
98,1,0
98,2,0
98,3,0
98,4,1
98,5,0
98,6,0
98,7,0
99,0,0
99,1,0
99,2,0
99,3,1
99,4,0
99,5,0
99,6,0
99,7,0
100,0,0
100,1,0
100,2,0
100,3,0
100,4,0
100,5,0
100,6,0
100,7,0
101,0,0
101,1,0
101,2,0
101,3,0
101,4,0
101,5,0
101,6,0
101,7,0
102,0,0
102,1,0
102,2,1
102,3,0
102,4,0
102,5,0
102,6,0
102,7,0
103,0,0
103,1,0
103,2,0
103,3,0
103,4,0
103,5,0
103,6,0
103,7,0
104,0,0
104,1,0
104,2,1
104,3,0
104,4,0
104,5,0
104,6,0
104,7,0
105,0,0
105,1,0
105,2,0
105,3,0
105,4,0
105,5,1
105,6,0
105,7,0
106,0,0
106,1,0
106,2,0
106,3,0
106,4,1
106,5,0
106,6,0
106,7,0
107,0,0
107,1,0
107,2,0
107,3,1
107,4,0
107,5,1
107,6,0
107,7,0
108,0,1
108,1,0
108,2,1
108,3,0
108,4,0
108,5,0
108,6,0
108,7,0
109,0,0
109,1,0
109,2,0
109,3,0
109,4,0
109,5,0
109,6,0
109,7,0
110,0,0
110,1,0
110,2,0
110,3,0
110,4,1
110,5,0
110,6,0
110,7,0
111,0,0
111,1,0
111,2,0
111,3,0
111,4,0
111,5,0
111,6,0
111,7,0
112,0,0
112,1,0
112,2,0
112,3,0
112,4,0
112,5,0
112,6,0
112,7,0
113,0,0
113,1,0
113,2,0
113,3,0
113,4,0
113,5,0
113,6,0
113,7,0
114,0,1
114,1,0
114,2,0
114,3,0
114,4,1
114,5,0
114,6,0
114,7,0
115,0,0
115,1,0
115,2,0
115,3,0
115,4,0
115,5,1
115,6,0
115,7,0
116,0,0
116,1,0
116,2,0
116,3,0
116,4,0
116,5,0
116,6,0
116,7,0
117,0,0
117,1,0
117,2,0
117,3,0
117,4,0
117,5,0
117,6,0
117,7,0
118,0,1
118,1,0
118,2,0
118,3,0
118,4,1
118,5,0
118,6,0
118,7,0
119,0,0
119,1,0
119,2,0
119,3,0
119,4,0
119,5,0
119,6,0
119,7,0
120,0,1
120,1,0
120,2,0
120,3,0
120,4,0
120,5,0
120,6,0
120,7,0
121,0,0
121,1,0
121,2,0
121,3,0
121,4,0
121,5,0
121,6,0
121,7,0
122,0,0
122,1,0
122,2,0
122,3,0
122,4,1
122,5,0
122,6,0
122,7,0
123,0,0
123,1,0
123,2,0
123,3,1
123,4,0
123,5,1
123,6,0
123,7,0
124,0,1
124,1,0
124,2,0
124,3,0
124,4,0
124,5,0
124,6,0
124,7,0
125,0,0
125,1,0
125,2,0
125,3,0
125,4,0
125,5,0
125,6,0
125,7,0
126,0,0
126,1,0
126,2,0
126,3,0
126,4,0
126,5,0
126,6,0
126,7,0
127,0,0
127,1,0
127,2,0
127,3,0
127,4,0
127,5,1
127,6,0
127,7,0
128,0,1
128,1,0
128,2,0
128,3,0
128,4,0
128,5,0
128,6,0
128,7,0
129,0,0
129,1,0
129,2,0
129,3,0
129,4,0
129,5,0
129,6,0
129,7,0
130,0,1
130,1,0
130,2,0
130,3,0
130,4,0
130,5,0
130,6,0
130,7,0
131,0,0
131,1,0
131,2,0
131,3,0
131,4,0
131,5,1
131,6,0
131,7,0
132,0,0
132,1,0
132,2,0
132,3,0
132,4,1
132,5,0
132,6,0
132,7,0
133,0,0
133,1,0
133,2,0
133,3,0
133,4,0
133,5,0
133,6,0
133,7,0
134,0,1
134,1,0
134,2,0
134,3,0
134,4,0
134,5,0
134,6,0
134,7,0
135,0,0
135,1,0
135,2,0
135,3,0
135,4,0
135,5,0
135,6,0
135,7,0
136,0,0
136,1,0
136,2,0
136,3,0
136,4,0
136,5,0
136,6,0
136,7,0
137,0,0
137,1,0
137,2,0
137,3,0
137,4,0
137,5,0
137,6,0
137,7,0
138,0,0
138,1,0
138,2,0
138,3,0
138,4,0
138,5,0
138,6,0
138,7,0
139,0,0
139,1,0
139,2,0
139,3,0
139,4,0
139,5,1
139,6,0
139,7,0
140,0,1
140,1,0
140,2,0
140,3,0
140,4,1
140,5,0
140,6,0
140,7,0
141,0,0
141,1,0
141,2,0
141,3,0
141,4,0
141,5,0
141,6,0
141,7,0
142,0,0
142,1,0
142,2,0
142,3,0
142,4,0
142,5,0
142,6,1
142,7,0
143,0,0
143,1,0
143,2,0
143,3,1
143,4,0
143,5,0
143,6,0
143,7,0
144,0,1
144,1,0
144,2,0
144,3,0
144,4,0
144,5,0
144,6,0
144,7,0
145,0,0
145,1,0
145,2,0
145,3,1
145,4,0
145,5,0
145,6,0
145,7,0
146,0,1
146,1,0
146,2,0
146,3,0
146,4,0
146,5,0
146,6,0
146,7,0
147,0,0
147,1,0
147,2,0
147,3,0
147,4,0
147,5,0
147,6,0
147,7,0
148,0,1
148,1,0
148,2,0
148,3,0
148,4,1
148,5,0
148,6,0
148,7,0
149,0,0
149,1,0
149,2,0
149,3,0
149,4,0
149,5,0
149,6,0
149,7,0
150,0,1
150,1,0
150,2,0
150,3,0
150,4,0
150,5,0
150,6,1
150,7,0
151,0,0
151,1,0
151,2,0
151,3,0
151,4,0
151,5,0
151,6,0
151,7,0
152,0,0
152,1,0
152,2,0
152,3,0
152,4,0
152,5,0
152,6,0
152,7,0
153,0,0
153,1,0
153,2,0
153,3,0
153,4,0
153,5,0
153,6,0
153,7,0
154,0,0
154,1,0
154,2,0
154,3,0
154,4,0
154,5,0
154,6,0
154,7,0
155,0,0
155,1,0
155,2,0
155,3,1
155,4,0
155,5,0
155,6,0
155,7,0
156,0,1
156,1,0
156,2,0
156,3,0
156,4,0
156,5,0
156,6,1
156,7,0
157,0,0
157,1,0
157,2,0
157,3,0
157,4,0
157,5,1
157,6,0
157,7,0
158,0,1
158,1,0
158,2,0
158,3,0
158,4,0
158,5,0
158,6,1
158,7,0
159,0,0
159,1,0
159,2,0
159,3,0
159,4,0
159,5,0
159,6,0
159,7,0
160,0,0
160,1,0
160,2,0
160,3,0
160,4,1
160,5,0
160,6,0
160,7,0
161,0,0
161,1,0
161,2,0
161,3,0
161,4,0
161,5,1
161,6,0
161,7,0
162,0,0
162,1,0
162,2,0
162,3,0
162,4,0
162,5,0
162,6,1
162,7,0
163,0,0
163,1,0
163,2,0
163,3,0
163,4,0
163,5,1
163,6,0
163,7,0
164,0,0
164,1,0
164,2,0
164,3,0
164,4,1
164,5,0
164,6,0
164,7,0
165,0,0
165,1,0
165,2,0
165,3,1
165,4,0
165,5,0
165,6,0
165,7,0
166,0,0
166,1,0
166,2,0
166,3,0
166,4,0
166,5,0
166,6,1
166,7,0
167,0,0
167,1,0
167,2,0
167,3,0
167,4,0
167,5,0
167,6,0
167,7,0
168,0,0
168,1,0
168,2,0
168,3,0
168,4,0
168,5,0
168,6,0
168,7,0
169,0,0
169,1,1
169,2,0
169,3,0
169,4,0
169,5,1
169,6,0
169,7,0
170,0,0
170,1,0
170,2,0
170,3,0
170,4,0
170,5,0
170,6,0
170,7,0
171,0,0
171,1,1
171,2,0
171,3,0
171,4,0
171,5,0
171,6,0
171,7,0
172,0,0
172,1,0
172,2,0
172,3,0
172,4,0
172,5,0
172,6,0
172,7,0
173,0,0
173,1,1
173,2,0
173,3,0
173,4,0
173,5,0
173,6,0
173,7,0
174,0,0
174,1,0
174,2,0
174,3,0
174,4,0
174,5,0
174,6,0
174,7,0
175,0,0
175,1,0
175,2,0
175,3,0
175,4,0
175,5,1
175,6,0
175,7,0
176,0,0
176,1,0
176,2,0
176,3,0
176,4,0
176,5,0
176,6,0
176,7,0
177,0,0
177,1,1
177,2,0
177,3,0
177,4,0
177,5,0
177,6,0
177,7,0
178,0,0
178,1,0
178,2,0
178,3,0
178,4,1
178,5,0
178,6,0
178,7,0
179,0,0
179,1,0
179,2,0
179,3,1
179,4,0
179,5,0
179,6,0
179,7,0
180,0,0
180,1,0
180,2,0
180,3,0
180,4,1
180,5,0
180,6,1
180,7,0
181,0,0
181,1,0
181,2,0
181,3,1
181,4,0
181,5,1
181,6,0
181,7,0
182,0,0
182,1,0
182,2,0
182,3,0
182,4,0
182,5,0
182,6,0
182,7,0
183,0,0
183,1,0
183,2,0
183,3,0
183,4,0
183,5,0
183,6,0
183,7,0
184,0,0
184,1,0
184,2,0
184,3,0
184,4,0
184,5,0
184,6,1
184,7,0
185,0,0
185,1,0
185,2,0
185,3,0
185,4,0
185,5,1
185,6,0
185,7,0
186,0,0
186,1,0
186,2,0
186,3,0
186,4,1
186,5,0
186,6,0
186,7,0
187,0,0
187,1,0
187,2,0
187,3,0
187,4,0
187,5,1
187,6,0
187,7,0
188,0,0
188,1,0
188,2,0
188,3,0
188,4,0
188,5,0
188,6,0
188,7,0
189,0,0
189,1,0
189,2,0
189,3,0
189,4,0
189,5,1
189,6,0
189,7,0
190,0,0
190,1,0
190,2,0
190,3,0
190,4,0
190,5,0
190,6,0
190,7,0
191,0,0
191,1,0
191,2,0
191,3,0
191,4,0
191,5,1
191,6,0
191,7,0
192,0,0
192,1,0
192,2,0
192,3,0
192,4,1
192,5,0
192,6,0
192,7,0
193,0,0
193,1,0
193,2,0
193,3,0
193,4,0
193,5,1
193,6,0
193,7,0
194,0,0
194,1,0
194,2,0
194,3,0
194,4,1
194,5,0
194,6,0
194,7,0
195,0,0
195,1,0
195,2,0
195,3,0
195,4,0
195,5,1
195,6,0
195,7,0
196,0,0
196,1,0
196,2,0
196,3,0
196,4,0
196,5,0
196,6,1
196,7,0
197,0,0
197,1,0
197,2,0
197,3,0
197,4,0
197,5,1
197,6,0
197,7,0
198,0,0
198,1,0
198,2,0
198,3,0
198,4,0
198,5,0
198,6,0
198,7,0
199,0,0
199,1,1
199,2,0
199,3,0
199,4,0
199,5,1
199,6,0
199,7,0
200,0,0
200,1,0
200,2,0
200,3,0
200,4,0
200,5,0
200,6,0
200,7,0
201,0,0
201,1,1
201,2,0
201,3,0
201,4,0
201,5,1
201,6,0
201,7,0
202,0,0
202,1,0
202,2,0
202,3,0
202,4,0
202,5,0
202,6,0
202,7,0
203,0,0
203,1,0
203,2,0
203,3,1
203,4,0
203,5,0
203,6,0
203,7,0
204,0,0
204,1,0
204,2,0
204,3,0
204,4,0
204,5,0
204,6,0
204,7,0
205,0,0
205,1,0
205,2,0
205,3,0
205,4,0
205,5,0
205,6,0
205,7,0
206,0,0
206,1,0
206,2,0
206,3,0
206,4,1
206,5,0
206,6,0
206,7,0
207,0,0
207,1,0
207,2,0
207,3,0
207,4,0
207,5,0
207,6,0
207,7,0
208,0,0
208,1,0
208,2,0
208,3,0
208,4,1
208,5,0
208,6,0
208,7,0
209,0,0
209,1,1
209,2,0
209,3,0
209,4,0
209,5,0
209,6,0
209,7,0
210,0,0
210,1,0
210,2,0
210,3,0
210,4,1
210,5,0
210,6,0
210,7,0
211,0,0
211,1,1
211,2,0
211,3,0
211,4,0
211,5,0
211,6,0
211,7,0
212,0,0
212,1,0
212,2,0
212,3,0
212,4,1
212,5,0
212,6,0
212,7,0
213,0,0
213,1,1
213,2,0
213,3,0
213,4,0
213,5,0
213,6,0
213,7,0
214,0,0
214,1,0
214,2,0
214,3,0
214,4,1
214,5,0
214,6,1
214,7,0
215,0,0
215,1,0
215,2,0
215,3,0
215,4,0
215,5,0
215,6,0
215,7,0
216,0,1
216,1,0
216,2,0
216,3,0
216,4,0
216,5,0
216,6,0
216,7,0
217,0,0
217,1,0
217,2,0
217,3,1
217,4,0
217,5,0
217,6,0
217,7,0
218,0,0
218,1,0
218,2,0
218,3,0
218,4,0
218,5,0
218,6,1
218,7,0
219,0,0
219,1,0
219,2,0
219,3,1
219,4,0
219,5,0
219,6,0
219,7,0
220,0,1
220,1,0
220,2,0
220,3,0
220,4,1
220,5,0
220,6,0
220,7,0
221,0,0
221,1,0
221,2,0
221,3,0
221,4,0
221,5,1
221,6,0
221,7,0
222,0,0
222,1,0
222,2,0
222,3,0
222,4,0
222,5,0
222,6,0
222,7,0
223,0,0
223,1,0
223,2,0
223,3,0
223,4,0
223,5,0
223,6,0
223,7,0
224,0,0
224,1,0
224,2,0
224,3,0
224,4,0
224,5,0
224,6,0
224,7,0
225,0,0
225,1,1
225,2,0
225,3,1
225,4,0
225,5,0
225,6,0
225,7,0
226,0,0
226,1,0
226,2,0
226,3,0
226,4,0
226,5,0
226,6,1
226,7,0
227,0,0
227,1,0
227,2,0
227,3,0
227,4,0
227,5,1
227,6,0
227,7,0
228,0,0
228,1,0
228,2,0
228,3,0
228,4,0
228,5,0
228,6,0
228,7,0
229,0,0
229,1,0
229,2,0
229,3,1
229,4,0
229,5,0
229,6,0
229,7,0
230,0,0
230,1,0
230,2,0
230,3,0
230,4,0
230,5,0
230,6,0
230,7,0
231,0,0
231,1,0
231,2,0
231,3,0
231,4,0
231,5,1
231,6,0
231,7,0
232,0,0
232,1,0
232,2,0
232,3,0
232,4,0
232,5,0
232,6,0
232,7,0
233,0,0
233,1,0
233,2,0
233,3,0
233,4,0
233,5,1
233,6,0
233,7,0
234,0,0
234,1,0
234,2,0
234,3,0
234,4,0
234,5,0
234,6,1
234,7,0
235,0,0
235,1,0
235,2,0
235,3,0
235,4,0
235,5,0
235,6,0
235,7,0
236,0,1
236,1,0
236,2,0
236,3,0
236,4,0
236,5,0
236,6,0
236,7,0
237,0,0
237,1,0
237,2,0
237,3,0
237,4,0
237,5,0
237,6,0
237,7,0
238,0,1
238,1,0
238,2,0
238,3,0
238,4,0
238,5,0
238,6,0
238,7,0
239,0,0
239,1,1
239,2,0
239,3,0
239,4,0
239,5,1
239,6,0
239,7,0
240,0,0
240,1,0
240,2,0
240,3,0
240,4,1
240,5,0
240,6,1
240,7,0
241,0,0
241,1,1
241,2,0
241,3,0
241,4,0
241,5,1
241,6,0
241,7,0
242,0,0
242,1,0
242,2,0
242,3,0
242,4,0
242,5,0
242,6,0
242,7,0
243,0,0
243,1,0
243,2,0
243,3,0
243,4,0
243,5,1
243,6,0
243,7,0
244,0,0
244,1,0
244,2,0
244,3,0
244,4,1
244,5,0
244,6,0
244,7,0
245,0,0
245,1,1
245,2,0
245,3,0
245,4,0
245,5,1
245,6,0
245,7,0
246,0,0
246,1,0
246,2,0
246,3,0
246,4,0
246,5,0
246,6,0
246,7,0
247,0,0
247,1,1
247,2,0
247,3,0
247,4,0
247,5,1
247,6,0
247,7,0
248,0,0
248,1,0
248,2,0
248,3,0
248,4,0
248,5,0
248,6,1
248,7,0
249,0,0
249,1,0
249,2,0
249,3,0
249,4,0
249,5,0
249,6,0
249,7,0
250,0,0
250,1,0
250,2,0
250,3,0
250,4,0
250,5,0
250,6,0
250,7,0
251,0,0
251,1,1
251,2,0
251,3,0
251,4,0
251,5,0
251,6,0
251,7,0
252,0,0
252,1,0
252,2,0
252,3,0
252,4,0
252,5,0
252,6,0
252,7,0
253,0,0
253,1,0
253,2,0
253,3,0
253,4,0
253,5,0
253,6,0
253,7,0
254,0,0
254,1,0
254,2,0
254,3,0
254,4,0
254,5,0
254,6,0
254,7,0
255,0,0
255,1,1
255,2,0
255,3,0
255,4,0
255,5,1
255,6,0
255,7,0
256,0,0
256,1,0
256,2,0
256,3,0
256,4,0
256,5,0
256,6,0
256,7,0
257,0,0
257,1,1
257,2,0
257,3,1
257,4,0
257,5,0
257,6,0
257,7,0
258,0,0
258,1,0
258,2,0
258,3,0
258,4,0
258,5,0
258,6,0
258,7,0
259,0,0
259,1,1
259,2,0
259,3,0
259,4,0
259,5,0
259,6,0
259,7,0
260,0,0
260,1,0
260,2,0
260,3,0
260,4,1
260,5,0
260,6,0
260,7,0
261,0,0
261,1,0
261,2,0
261,3,0
261,4,0
261,5,1
261,6,0
261,7,0
262,0,0
262,1,0
262,2,0
262,3,0
262,4,0
262,5,0
262,6,0
262,7,0
263,0,0
263,1,0
263,2,0
263,3,0
263,4,0
263,5,0
263,6,0
263,7,0
264,0,0
264,1,0
264,2,0
264,3,0
264,4,1
264,5,0
264,6,1
264,7,0
265,0,0
265,1,1
265,2,0
265,3,0
265,4,0
265,5,0
265,6,0
265,7,0
266,0,0
266,1,0
266,2,0
266,3,0
266,4,0
266,5,0
266,6,0
266,7,0
267,0,0
267,1,1
267,2,0
267,3,0
267,4,0
267,5,0
267,6,0
267,7,0
268,0,0
268,1,0
268,2,0
268,3,0
268,4,0
268,5,0
268,6,0
268,7,0
269,0,0
269,1,1
269,2,0
269,3,0
269,4,0
269,5,0
269,6,0
269,7,0
270,0,0
270,1,0
270,2,0
270,3,0
270,4,0
270,5,0
270,6,1
270,7,0
271,0,0
271,1,1
271,2,0
271,3,0
271,4,0
271,5,0
271,6,0
271,7,0
272,0,0
272,1,0
272,2,0
272,3,0
272,4,0
272,5,0
272,6,0
272,7,0
273,0,0
273,1,1
273,2,0
273,3,0
273,4,0
273,5,0
273,6,0
273,7,0
274,0,0
274,1,0
274,2,0
274,3,0
274,4,0
274,5,0
274,6,0
274,7,0
275,0,0
275,1,0
275,2,0
275,3,0
275,4,0
275,5,0
275,6,0
275,7,0
276,0,0
276,1,0
276,2,0
276,3,0
276,4,0
276,5,0
276,6,0
276,7,0
277,0,0
277,1,1
277,2,0
277,3,0
277,4,0
277,5,0
277,6,0
277,7,0
278,0,0
278,1,0
278,2,0
278,3,0
278,4,0
278,5,0
278,6,0
278,7,0
279,0,0
279,1,1
279,2,0
279,3,0
279,4,0
279,5,0
279,6,0
279,7,0
280,0,0
280,1,0
280,2,0
280,3,0
280,4,1
280,5,0
280,6,1
280,7,0
281,0,0
281,1,0
281,2,0
281,3,1
281,4,0
281,5,1
281,6,0
281,7,0
282,0,0
282,1,0
282,2,0
282,3,0
282,4,0
282,5,0
282,6,0
282,7,0
283,0,0
283,1,0
283,2,0
283,3,1
283,4,0
283,5,1
283,6,0
283,7,0
284,0,0
284,1,0
284,2,0
284,3,0
284,4,1
284,5,0
284,6,0
284,7,0
285,0,0
285,1,0
285,2,0
285,3,0
285,4,0
285,5,0
285,6,0
285,7,0
286,0,0
286,1,0
286,2,0
286,3,0
286,4,1
286,5,0
286,6,0
286,7,0
287,0,0
287,1,0
287,2,0
287,3,1
287,4,0
287,5,0
287,6,0
287,7,0
288,0,0
288,1,0
288,2,0
288,3,0
288,4,0
288,5,0
288,6,0
288,7,0
289,0,0
289,1,0
289,2,0
289,3,1
289,4,0
289,5,0
289,6,0
289,7,0
290,0,0
290,1,0
290,2,0
290,3,0
290,4,0
290,5,0
290,6,0
290,7,0
291,0,0
291,1,0
291,2,0
291,3,0
291,4,0
291,5,0
291,6,0
291,7,0
292,0,0
292,1,0
292,2,0
292,3,0
292,4,0
292,5,0
292,6,0
292,7,0
293,0,0
293,1,0
293,2,0
293,3,0
293,4,0
293,5,0
293,6,0
293,7,0
294,0,0
294,1,0
294,2,0
294,3,0
294,4,0
294,5,0
294,6,0
294,7,0
295,0,0
295,1,0
295,2,0
295,3,0
295,4,0
295,5,0
295,6,0
295,7,0
296,0,0
296,1,0
296,2,0
296,3,0
296,4,0
296,5,0
296,6,0
296,7,0
297,0,0
297,1,0
297,2,0
297,3,1
297,4,0
297,5,0
297,6,0
297,7,0
298,0,0
298,1,0
298,2,0
298,3,0
298,4,1
298,5,0
298,6,0
298,7,0
299,0,0
299,1,0
299,2,0
299,3,0
299,4,0
299,5,0
299,6,0
299,7,0
300,0,0
300,1,0
300,2,0
300,3,0
300,4,1
300,5,0
300,6,0
300,7,0
301,0,0
301,1,0
301,2,0
301,3,0
301,4,0
301,5,0
301,6,0
301,7,0
302,0,0
302,1,0
302,2,0
302,3,0
302,4,0
302,5,0
302,6,0
302,7,0
303,0,0
303,1,0
303,2,0
303,3,0
303,4,0
303,5,0
303,6,0
303,7,0
304,0,0
304,1,0
304,2,0
304,3,0
304,4,0
304,5,0
304,6,0
304,7,0
305,0,0
305,1,1
305,2,0
305,3,1
305,4,0
305,5,0
305,6,0
305,7,0
306,0,0
306,1,0
306,2,0
306,3,0
306,4,0
306,5,0
306,6,1
306,7,0
307,0,0
307,1,0
307,2,0
307,3,1
307,4,0
307,5,0
307,6,0
307,7,0
308,0,0
308,1,0
308,2,0
308,3,0
308,4,0
308,5,0
308,6,0
308,7,0
309,0,0
309,1,1
309,2,0
309,3,0
309,4,0
309,5,0
309,6,0
309,7,0
310,0,0
310,1,0
310,2,0
310,3,0
310,4,0
310,5,0
310,6,0
310,7,0
311,0,0
311,1,1
311,2,0
311,3,1
311,4,0
311,5,0
311,6,0
311,7,0
312,0,0
312,1,0
312,2,0
312,3,0
312,4,0
312,5,0
312,6,0
312,7,0
313,0,0
313,1,1
313,2,0
313,3,0
313,4,0
313,5,0
313,6,0
313,7,0
314,0,0
314,1,0
314,2,0
314,3,0
314,4,1
314,5,0
314,6,1
314,7,0
315,0,0
315,1,1
315,2,0
315,3,1
315,4,0
315,5,1
315,6,0
315,7,0
316,0,0
316,1,0
316,2,0
316,3,0
316,4,0
316,5,0
316,6,0
316,7,0
317,0,0
317,1,1
317,2,0
317,3,0
317,4,0
317,5,0
317,6,0
317,7,0
318,0,0
318,1,0
318,2,0
318,3,0
318,4,0
318,5,0
318,6,0
318,7,0
319,0,0
319,1,0
319,2,0
319,3,0
319,4,0
319,5,0
319,6,0
319,7,0
320,0,0
320,1,0
320,2,0
320,3,0
320,4,0
320,5,0
320,6,0
320,7,0
321,0,0
321,1,0
321,2,0
321,3,1
321,4,0
321,5,0
321,6,0
321,7,0
322,0,0
322,1,0
322,2,0
322,3,0
322,4,0
322,5,0
322,6,0
322,7,0
323,0,0
323,1,0
323,2,0
323,3,0
323,4,0
323,5,0
323,6,0
323,7,0
324,0,0
324,1,0
324,2,0
324,3,0
324,4,1
324,5,0
324,6,0
324,7,0
325,0,0
325,1,0
325,2,0
325,3,0
325,4,0
325,5,1
325,6,0
325,7,0
326,0,0
326,1,0
326,2,0
326,3,0
326,4,0
326,5,0
326,6,0
326,7,0
327,0,0
327,1,1
327,2,0
327,3,0
327,4,0
327,5,1
327,6,0
327,7,0
328,0,0
328,1,0
328,2,0
328,3,0
328,4,0
328,5,0
328,6,0
328,7,0
329,0,0
329,1,1
329,2,0
329,3,0
329,4,0
329,5,1
329,6,0
329,7,0
330,0,0
330,1,0
330,2,0
330,3,0
330,4,0
330,5,0
330,6,0
330,7,0
331,0,0
331,1,0
331,2,0
331,3,1
331,4,0
331,5,0
331,6,0
331,7,0
332,0,0
332,1,0
332,2,0
332,3,0
332,4,1
332,5,0
332,6,1
332,7,0
333,0,0
333,1,0
333,2,0
333,3,0
333,4,0
333,5,0
333,6,0
333,7,0
334,0,0
334,1,0
334,2,0
334,3,0
334,4,1
334,5,0
334,6,0
334,7,0
335,0,0
335,1,1
335,2,0
335,3,0
335,4,0
335,5,0
335,6,0
335,7,0
336,0,0
336,1,0
336,2,0
336,3,0
336,4,0
336,5,0
336,6,0
336,7,0
337,0,0
337,1,1
337,2,0
337,3,1
337,4,0
337,5,0
337,6,0
337,7,0
338,0,0
338,1,0
338,2,0
338,3,0
338,4,0
338,5,0
338,6,0
338,7,0
339,0,0
339,1,1
339,2,0
339,3,1
339,4,0
339,5,0
339,6,0
339,7,0
340,0,0
340,1,0
340,2,0
340,3,0
340,4,0
340,5,0
340,6,0
340,7,0
341,0,0
341,1,1
341,2,0
341,3,0
341,4,0
341,5,0
341,6,0
341,7,0
342,0,0
342,1,0
342,2,0
342,3,0
342,4,0
342,5,0
342,6,0
342,7,0
343,0,0
343,1,0
343,2,0
343,3,0
343,4,0
343,5,1
343,6,0
343,7,0
344,0,0
344,1,0
344,2,0
344,3,0
344,4,0
344,5,0
344,6,0
344,7,0
345,0,0
345,1,1
345,2,0
345,3,0
345,4,0
345,5,0
345,6,0
345,7,0
346,0,0
346,1,0
346,2,0
346,3,0
346,4,0
346,5,0
346,6,0
346,7,0
347,0,0
347,1,0
347,2,0
347,3,0
347,4,0
347,5,1
347,6,0
347,7,0
348,0,0
348,1,0
348,2,0
348,3,0
348,4,0
348,5,0
348,6,0
348,7,0
349,0,0
349,1,0
349,2,0
349,3,1
349,4,0
349,5,0
349,6,0
349,7,0
350,0,0
350,1,0
350,2,0
350,3,0
350,4,0
350,5,0
350,6,0
350,7,0
351,0,0
351,1,1
351,2,0
351,3,0
351,4,0
351,5,0
351,6,0
351,7,0
352,0,0
352,1,0
352,2,0
352,3,0
352,4,0
352,5,0
352,6,0
352,7,0
353,0,0
353,1,1
353,2,0
353,3,0
353,4,0
353,5,1
353,6,0
353,7,0
354,0,0
354,1,0
354,2,0
354,3,0
354,4,0
354,5,0
354,6,0
354,7,0
355,0,0
355,1,0
355,2,0
355,3,0
355,4,0
355,5,0
355,6,0
355,7,0
356,0,0
356,1,0
356,2,0
356,3,0
356,4,1
356,5,0
356,6,0
356,7,0
357,0,0
357,1,1
357,2,0
357,3,1
357,4,0
357,5,0
357,6,0
357,7,0
358,0,0
358,1,0
358,2,0
358,3,0
358,4,0
358,5,0
358,6,1
358,7,0
359,0,0
359,1,1
359,2,0
359,3,1
359,4,0
359,5,0
359,6,0
359,7,0
360,0,0
360,1,0
360,2,0
360,3,0
360,4,0
360,5,0
360,6,0
360,7,0
361,0,0
361,1,0
361,2,0
361,3,0
361,4,0
361,5,0
361,6,0
361,7,0
362,0,0
362,1,0
362,2,0
362,3,0
362,4,1
362,5,0
362,6,0
362,7,0
363,0,0
363,1,0
363,2,0
363,3,0
363,4,0
363,5,0
363,6,0
363,7,0
364,0,0
364,1,0
364,2,0
364,3,0
364,4,0
364,5,0
364,6,0
364,7,0
365,0,0
365,1,0
365,2,0
365,3,1
365,4,0
365,5,1
365,6,0
365,7,0
366,0,0
366,1,0
366,2,0
366,3,0
366,4,1
366,5,0
366,6,0
366,7,0
367,0,0
367,1,1
367,2,0
367,3,0
367,4,0
367,5,0
367,6,0
367,7,0
368,0,0
368,1,0
368,2,0
368,3,0
368,4,0
368,5,0
368,6,0
368,7,0
369,0,0
369,1,0
369,2,0
369,3,0
369,4,0
369,5,1
369,6,0
369,7,0
370,0,0
370,1,0
370,2,0
370,3,0
370,4,0
370,5,0
370,6,0
370,7,0
371,0,0
371,1,1
371,2,0
371,3,0
371,4,0
371,5,0
371,6,0
371,7,0
372,0,0
372,1,0
372,2,0
372,3,0
372,4,1
372,5,0
372,6,0
372,7,0
373,0,0
373,1,0
373,2,0
373,3,1
373,4,0
373,5,0
373,6,0
373,7,0
374,0,0
374,1,0
374,2,0
374,3,0
374,4,0
374,5,0
374,6,0
374,7,0
375,0,0
375,1,0
375,2,0
375,3,0
375,4,0
375,5,0
375,6,0
375,7,0
376,0,0
376,1,0
376,2,0
376,3,0
376,4,0
376,5,0
376,6,0
376,7,0
377,0,0
377,1,1
377,2,0
377,3,0
377,4,0
377,5,1
377,6,0
377,7,0
378,0,0
378,1,0
378,2,0
378,3,0
378,4,0
378,5,0
378,6,0
378,7,0
379,0,0
379,1,0
379,2,0
379,3,0
379,4,0
379,5,0
379,6,0
379,7,0
380,0,0
380,1,0
380,2,0
380,3,0
380,4,1
380,5,0
380,6,0
380,7,0
381,0,0
381,1,0
381,2,0
381,3,0
381,4,0
381,5,0
381,6,0
381,7,0
382,0,0
382,1,0
382,2,0
382,3,0
382,4,1
382,5,0
382,6,0
382,7,0
383,0,0
383,1,0
383,2,0
383,3,0
383,4,0
383,5,0
383,6,0
383,7,0
384,0,0
384,1,0
384,2,0
384,3,0
384,4,0
384,5,0
384,6,0
384,7,0
385,0,0
385,1,0
385,2,0
385,3,0
385,4,0
385,5,0
385,6,0
385,7,0
386,0,0
386,1,0
386,2,0
386,3,0
386,4,1
386,5,0
386,6,0
386,7,0
387,0,0
387,1,0
387,2,0
387,3,0
387,4,0
387,5,1
387,6,0
387,7,0
388,0,0
388,1,0
388,2,0
388,3,0
388,4,0
388,5,0
388,6,0
388,7,0
389,0,0
389,1,0
389,2,0
389,3,0
389,4,0
389,5,0
389,6,0
389,7,0
390,0,1
390,1,0
390,2,0
390,3,0
390,4,0
390,5,0
390,6,1
390,7,0
391,0,0
391,1,0
391,2,0
391,3,0
391,4,0
391,5,0
391,6,0
391,7,0
392,0,1
392,1,0
392,2,0
392,3,0
392,4,1
392,5,0
392,6,0
392,7,0
393,0,0
393,1,0
393,2,0
393,3,0
393,4,0
393,5,1
393,6,0
393,7,0
394,0,0
394,1,0
394,2,0
394,3,0
394,4,0
394,5,0
394,6,0
394,7,0
395,0,0
395,1,0
395,2,0
395,3,0
395,4,0
395,5,0
395,6,0
395,7,0
396,0,0
396,1,0
396,2,0
396,3,0
396,4,0
396,5,0
396,6,0
396,7,0
397,0,0
397,1,0
397,2,0
397,3,0
397,4,0
397,5,0
397,6,0
397,7,0
398,0,0
398,1,0
398,2,1
398,3,0
398,4,0
398,5,0
398,6,0
398,7,0
399,0,0
399,1,1
399,2,0
399,3,0
399,4,0
399,5,0
399,6,0
399,7,0
400,0,0
400,1,0
400,2,0
400,3,0
400,4,0
400,5,0
400,6,0
400,7,0
401,0,0
401,1,1
401,2,0
401,3,0
401,4,0
401,5,1
401,6,0
401,7,0
402,0,0
402,1,0
402,2,0
402,3,0
402,4,0
402,5,0
402,6,0
402,7,0
403,0,0
403,1,0
403,2,0
403,3,0
403,4,0
403,5,0
403,6,0
403,7,0
404,0,0
404,1,0
404,2,0
404,3,0
404,4,1
404,5,0
404,6,0
404,7,0
405,0,0
405,1,0
405,2,0
405,3,0
405,4,0
405,5,0
405,6,0
405,7,0
406,0,1
406,1,0
406,2,0
406,3,0
406,4,0
406,5,0
406,6,0
406,7,0
407,0,0
407,1,0
407,2,0
407,3,1
407,4,0
407,5,0
407,6,0
407,7,0
408,0,0
408,1,0
408,2,0
408,3,0
408,4,1
408,5,0
408,6,0
408,7,0
409,0,0
409,1,0
409,2,0
409,3,0
409,4,0
409,5,0
409,6,0
409,7,0
410,0,0
410,1,0
410,2,0
410,3,0
410,4,0
410,5,0
410,6,0
410,7,0
411,0,0
411,1,1
411,2,0
411,3,0
411,4,0
411,5,0
411,6,0
411,7,0
412,0,0
412,1,0
412,2,0
412,3,0
412,4,0
412,5,0
412,6,0
412,7,0
413,0,0
413,1,1
413,2,0
413,3,0
413,4,0
413,5,0
413,6,0
413,7,0
414,0,0
414,1,0
414,2,0
414,3,0
414,4,0
414,5,0
414,6,0
414,7,0
415,0,0
415,1,1
415,2,0
415,3,0
415,4,0
415,5,0
415,6,0
415,7,0
416,0,0
416,1,0
416,2,0
416,3,0
416,4,0
416,5,0
416,6,0
416,7,0
417,0,0
417,1,1
417,2,0
417,3,1
417,4,0
417,5,1
417,6,0
417,7,0
418,0,0
418,1,0
418,2,0
418,3,0
418,4,0
418,5,0
418,6,0
418,7,0
419,0,0
419,1,1
419,2,0
419,3,1
419,4,0
419,5,0
419,6,0
419,7,0
420,0,0
420,1,0
420,2,0
420,3,0
420,4,0
420,5,0
420,6,0
420,7,0
421,0,0
421,1,0
421,2,0
421,3,1
421,4,0
421,5,0
421,6,0
421,7,0
422,0,0
422,1,0
422,2,0
422,3,0
422,4,0
422,5,0
422,6,0
422,7,0
423,0,0
423,1,0
423,2,0
423,3,0
423,4,0
423,5,0
423,6,0
423,7,0
424,0,0
424,1,0
424,2,0
424,3,0
424,4,1
424,5,0
424,6,0
424,7,0
425,0,0
425,1,0
425,2,0
425,3,0
425,4,0
425,5,1
425,6,0
425,7,0
426,0,0
426,1,0
426,2,0
426,3,0
426,4,1
426,5,0
426,6,0
426,7,0
427,0,0
427,1,0
427,2,0
427,3,0
427,4,0
427,5,0
427,6,0
427,7,0
428,0,0
428,1,0
428,2,0
428,3,0
428,4,0
428,5,0
428,6,0
428,7,0
429,0,0
429,1,0
429,2,0
429,3,0
429,4,0
429,5,1
429,6,0
429,7,0
430,0,0
430,1,0
430,2,0
430,3,0
430,4,1
430,5,0
430,6,0
430,7,0
431,0,0
431,1,1
431,2,0
431,3,1
431,4,0
431,5,0
431,6,0
431,7,0
432,0,0
432,1,0
432,2,0
432,3,0
432,4,0
432,5,0
432,6,0
432,7,0
433,0,0
433,1,0
433,2,0
433,3,1
433,4,0
433,5,1
433,6,0
433,7,0
434,0,0
434,1,0
434,2,0
434,3,0
434,4,0
434,5,0
434,6,0
434,7,0
435,0,0
435,1,1
435,2,0
435,3,0
435,4,0
435,5,1
435,6,0
435,7,0
436,0,0
436,1,0
436,2,0
436,3,0
436,4,1
436,5,0
436,6,0
436,7,0
437,0,0
437,1,1
437,2,0
437,3,1
437,4,0
437,5,1
437,6,0
437,7,0
438,0,0
438,1,0
438,2,0
438,3,0
438,4,0
438,5,0
438,6,0
438,7,0
439,0,0
439,1,1
439,2,0
439,3,1
439,4,0
439,5,0
439,6,0
439,7,0
440,0,0
440,1,0
440,2,0
440,3,0
440,4,0
440,5,0
440,6,0
440,7,0
441,0,0
441,1,0
441,2,0
441,3,0
441,4,0
441,5,0
441,6,0
441,7,0
442,0,0
442,1,0
442,2,0
442,3,0
442,4,1
442,5,0
442,6,1
442,7,0
443,0,0
443,1,0
443,2,0
443,3,0
443,4,0
443,5,0
443,6,0
443,7,0
444,0,0
444,1,0
444,2,0
444,3,0
444,4,1
444,5,0
444,6,0
444,7,0
445,0,0
445,1,0
445,2,0
445,3,1
445,4,0
445,5,0
445,6,0
445,7,0
446,0,0
446,1,0
446,2,0
446,3,0
446,4,0
446,5,0
446,6,0
446,7,0
447,0,0
447,1,1
447,2,0
447,3,0
447,4,0
447,5,0
447,6,0
447,7,0
448,0,0
448,1,0
448,2,0
448,3,0
448,4,1
448,5,0
448,6,0
448,7,0
449,0,0
449,1,0
449,2,0
449,3,1
449,4,0
449,5,1
449,6,0
449,7,0
450,0,0
450,1,0
450,2,0
450,3,0
450,4,1
450,5,0
450,6,1
450,7,0
451,0,0
451,1,0
451,2,0
451,3,0
451,4,0
451,5,0
451,6,0
451,7,0
452,0,0
452,1,0
452,2,0
452,3,0
452,4,0
452,5,0
452,6,0
452,7,0
453,0,0
453,1,0
453,2,0
453,3,0
453,4,0
453,5,1
453,6,0
453,7,0
454,0,0
454,1,0
454,2,0
454,3,0
454,4,0
454,5,0
454,6,0
454,7,0
455,0,0
455,1,0
455,2,0
455,3,0
455,4,0
455,5,1
455,6,0
455,7,0
456,0,0
456,1,0
456,2,0
456,3,0
456,4,0
456,5,0
456,6,0
456,7,0
457,0,0
457,1,0
457,2,0
457,3,0
457,4,0
457,5,0
457,6,0
457,7,0
458,0,0
458,1,0
458,2,0
458,3,0
458,4,0
458,5,0
458,6,0
458,7,0
459,0,0
459,1,0
459,2,0
459,3,1
459,4,0
459,5,0
459,6,0
459,7,0
460,0,0
460,1,0
460,2,0
460,3,0
460,4,0
460,5,0
460,6,0
460,7,0
461,0,0
461,1,0
461,2,0
461,3,0
461,4,0
461,5,0
461,6,0
461,7,0
462,0,0
462,1,0
462,2,0
462,3,0
462,4,1
462,5,0
462,6,1
462,7,0
463,0,0
463,1,0
463,2,0
463,3,0
463,4,0
463,5,0
463,6,0
463,7,0
464,0,0
464,1,0
464,2,0
464,3,0
464,4,0
464,5,0
464,6,0
464,7,0
465,0,0
465,1,0
465,2,0
465,3,0
465,4,0
465,5,1
465,6,0
465,7,0
466,0,0
466,1,0
466,2,0
466,3,0
466,4,0
466,5,0
466,6,0
466,7,0
467,0,0
467,1,0
467,2,0
467,3,0
467,4,0
467,5,0
467,6,0
467,7,0
468,0,0
468,1,0
468,2,0
468,3,0
468,4,0
468,5,0
468,6,0
468,7,0
469,0,0
469,1,0
469,2,0
469,3,0
469,4,0
469,5,0
469,6,0
469,7,0
470,0,0
470,1,0
470,2,0
470,3,0
470,4,1
470,5,0
470,6,0
470,7,0
471,0,0
471,1,0
471,2,0
471,3,0
471,4,0
471,5,1
471,6,0
471,7,0
472,0,0
472,1,0
472,2,0
472,3,0
472,4,0
472,5,0
472,6,0
472,7,0
473,0,0
473,1,0
473,2,0
473,3,1
473,4,0
473,5,0
473,6,0
473,7,0
474,0,0
474,1,0
474,2,0
474,3,0
474,4,0
474,5,0
474,6,0
474,7,0
475,0,0
475,1,0
475,2,0
475,3,1
475,4,0
475,5,0
475,6,0
475,7,0
476,0,0
476,1,0
476,2,0
476,3,0
476,4,0
476,5,0
476,6,0
476,7,0
477,0,0
477,1,0
477,2,0
477,3,1
477,4,0
477,5,1
477,6,0
477,7,0
478,0,0
478,1,0
478,2,0
478,3,0
478,4,0
478,5,0
478,6,0
478,7,0
479,0,0
479,1,1
479,2,0
479,3,0
479,4,0
479,5,1
479,6,0
479,7,0
480,0,0
480,1,0
480,2,0
480,3,0
480,4,1
480,5,0
480,6,0
480,7,0
481,0,0
481,1,0
481,2,0
481,3,1
481,4,0
481,5,0
481,6,0
481,7,0
482,0,0
482,1,0
482,2,0
482,3,0
482,4,1
482,5,0
482,6,0
482,7,0
483,0,0
483,1,0
483,2,0
483,3,0
483,4,0
483,5,0
483,6,0
483,7,0
484,0,0
484,1,0
484,2,0
484,3,0
484,4,1
484,5,0
484,6,0
484,7,0
485,0,0
485,1,0
485,2,0
485,3,1
485,4,0
485,5,1
485,6,0
485,7,0
486,0,0
486,1,0
486,2,0
486,3,0
486,4,0
486,5,0
486,6,0
486,7,0
487,0,0
487,1,0
487,2,0
487,3,1
487,4,0
487,5,0
487,6,0
487,7,0
488,0,0
488,1,0
488,2,0
488,3,0
488,4,1
488,5,0
488,6,0
488,7,0
489,0,0
489,1,0
489,2,0
489,3,0
489,4,0
489,5,0
489,6,0
489,7,0
490,0,0
490,1,0
490,2,0
490,3,0
490,4,0
490,5,0
490,6,0
490,7,0
491,0,0
491,1,0
491,2,0
491,3,0
491,4,0
491,5,0
491,6,0
491,7,0
492,0,0
492,1,0
492,2,0
492,3,0
492,4,0
492,5,0
492,6,1
492,7,0
493,0,0
493,1,0
493,2,0
493,3,1
493,4,0
493,5,0
493,6,0
493,7,0
494,0,0
494,1,0
494,2,0
494,3,0
494,4,0
494,5,0
494,6,0
494,7,0
495,0,0
495,1,0
495,2,0
495,3,0
495,4,0
495,5,0
495,6,0
495,7,0
496,0,0
496,1,0
496,2,0
496,3,0
496,4,0
496,5,0
496,6,0
496,7,0
497,0,0
497,1,0
497,2,0
497,3,0
497,4,0
497,5,0
497,6,0
497,7,0
498,0,0
498,1,0
498,2,0
498,3,0
498,4,1
498,5,0
498,6,0
498,7,0
499,0,0
499,1,0
499,2,0
499,3,0
499,4,0
499,5,0
499,6,0
499,7,0
500,0,0
500,1,0
500,2,0
500,3,0
500,4,0
500,5,0
500,6,0
500,7,0
501,0,0
501,1,1
501,2,0
501,3,0
501,4,0
501,5,0
501,6,0
501,7,0
502,0,0
502,1,0
502,2,0
502,3,0
502,4,0
502,5,0
502,6,0
502,7,0
503,0,0
503,1,0
503,2,0
503,3,0
503,4,0
503,5,1
503,6,0
503,7,0
504,0,0
504,1,0
504,2,0
504,3,0
504,4,0
504,5,0
504,6,0
504,7,0
505,0,0
505,1,0
505,2,0
505,3,0
505,4,0
505,5,0
505,6,0
505,7,0
506,0,0
506,1,0
506,2,0
506,3,0
506,4,0
506,5,0
506,6,1
506,7,0
507,0,0
507,1,0
507,2,0
507,3,0
507,4,0
507,5,0
507,6,0
507,7,0
508,0,0
508,1,0
508,2,0
508,3,0
508,4,0
508,5,0
508,6,0
508,7,0
509,0,0
509,1,0
509,2,0
509,3,0
509,4,0
509,5,0
509,6,0
509,7,0
510,0,1
510,1,0
510,2,0
510,3,0
510,4,1
510,5,0
510,6,0
510,7,0
511,0,0
511,1,0
511,2,0
511,3,0
511,4,0
511,5,0
511,6,0
511,7,0
512,0,1
512,1,0
512,2,0
512,3,0
512,4,0
512,5,0
512,6,0
512,7,0
513,0,0
513,1,0
513,2,0
513,3,0
513,4,0
513,5,0
513,6,0
513,7,0
514,0,0
514,1,0
514,2,0
514,3,0
514,4,1
514,5,0
514,6,0
514,7,0
515,0,0
515,1,0
515,2,0
515,3,0
515,4,0
515,5,0
515,6,0
515,7,0
516,0,0
516,1,0
516,2,0
516,3,0
516,4,1
516,5,0
516,6,0
516,7,0
517,0,0
517,1,0
517,2,0
517,3,0
517,4,0
517,5,0
517,6,0
517,7,0
518,0,0
518,1,0
518,2,0
518,3,0
518,4,0
518,5,0
518,6,0
518,7,0
519,0,0
519,1,0
519,2,0
519,3,0
519,4,0
519,5,0
519,6,0
519,7,0
520,0,0
520,1,0
520,2,1
520,3,0
520,4,0
520,5,0
520,6,0
520,7,0
521,0,0
521,1,0
521,2,0
521,3,0
521,4,0
521,5,0
521,6,0
521,7,0
522,0,0
522,1,0
522,2,1
522,3,0
522,4,0
522,5,0
522,6,0
522,7,0
523,0,0
523,1,0
523,2,0
523,3,0
523,4,0
523,5,1
523,6,0
523,7,0
524,0,0
524,1,0
524,2,1
524,3,0
524,4,0
524,5,0
524,6,0
524,7,0
525,0,0
525,1,0
525,2,0
525,3,0
525,4,0
525,5,1
525,6,0
525,7,0
526,0,0
526,1,0
526,2,0
526,3,0
526,4,0
526,5,0
526,6,1
526,7,0
527,0,0
527,1,0
527,2,0
527,3,0
527,4,0
527,5,0
527,6,0
527,7,0
528,0,0
528,1,0
528,2,0
528,3,0
528,4,0
528,5,0
528,6,0
528,7,0
529,0,0
529,1,0
529,2,0
529,3,0
529,4,0
529,5,0
529,6,0
529,7,0
530,0,0
530,1,0
530,2,0
530,3,0
530,4,0
530,5,0
530,6,0
530,7,0
531,0,0
531,1,0
531,2,0
531,3,0
531,4,0
531,5,0
531,6,0
531,7,0
532,0,0
532,1,0
532,2,0
532,3,0
532,4,0
532,5,0
532,6,1
532,7,0
533,0,0
533,1,0
533,2,0
533,3,0
533,4,0
533,5,0
533,6,0
533,7,0
534,0,0
534,1,0
534,2,0
534,3,0
534,4,0
534,5,0
534,6,0
534,7,0
535,0,0
535,1,0
535,2,0
535,3,0
535,4,0
535,5,0
535,6,0
535,7,0
536,0,0
536,1,0
536,2,0
536,3,0
536,4,0
536,5,0
536,6,0
536,7,0
537,0,0
537,1,0
537,2,0
537,3,0
537,4,0
537,5,0
537,6,0
537,7,0
538,0,0
538,1,0
538,2,1
538,3,0
538,4,0
538,5,0
538,6,0
538,7,0
539,0,0
539,1,0
539,2,0
539,3,0
539,4,0
539,5,1
539,6,0
539,7,0
540,0,0
540,1,0
540,2,0
540,3,0
540,4,0
540,5,0
540,6,1
540,7,0
541,0,0
541,1,0
541,2,0
541,3,0
541,4,0
541,5,0
541,6,0
541,7,0
542,0,0
542,1,0
542,2,0
542,3,0
542,4,1
542,5,0
542,6,0
542,7,0
543,0,0
543,1,0
543,2,0
543,3,0
543,4,0
543,5,0
543,6,0
543,7,0
544,0,0
544,1,0
544,2,1
544,3,0
544,4,0
544,5,0
544,6,0
544,7,0
545,0,0
545,1,0
545,2,0
545,3,0
545,4,0
545,5,0
545,6,0
545,7,0
546,0,0
546,1,0
546,2,0
546,3,0
546,4,1
546,5,0
546,6,0
546,7,0
547,0,0
547,1,0
547,2,0
547,3,0
547,4,0
547,5,1
547,6,0
547,7,0
548,0,0
548,1,0
548,2,0
548,3,0
548,4,1
548,5,0
548,6,0
548,7,0
549,0,0
549,1,0
549,2,0
549,3,0
549,4,0
549,5,0
549,6,0
549,7,0
550,0,0
550,1,0
550,2,0
550,3,0
550,4,0
550,5,0
550,6,0
550,7,0
551,0,0
551,1,0
551,2,0
551,3,0
551,4,0
551,5,0
551,6,0
551,7,0
552,0,1
552,1,0
552,2,0
552,3,0
552,4,0
552,5,0
552,6,0
552,7,0
553,0,0
553,1,0
553,2,0
553,3,0
553,4,0
553,5,0
553,6,0
553,7,0
554,0,1
554,1,0
554,2,0
554,3,0
554,4,0
554,5,0
554,6,0
554,7,0
555,0,0
555,1,0
555,2,0
555,3,0
555,4,0
555,5,0
555,6,0
555,7,0
556,0,0
556,1,0
556,2,0
556,3,0
556,4,0
556,5,0
556,6,1
556,7,0
557,0,0
557,1,0
557,2,0
557,3,0
557,4,0
557,5,0
557,6,0
557,7,0
558,0,0
558,1,0
558,2,0
558,3,0
558,4,0
558,5,0
558,6,0
558,7,0
559,0,0
559,1,0
559,2,0
559,3,0
559,4,0
559,5,0
559,6,0
559,7,0
560,0,0
560,1,0
560,2,0
560,3,0
560,4,0
560,5,0
560,6,0
560,7,0
561,0,0
561,1,0
561,2,0
561,3,0
561,4,0
561,5,0
561,6,0
561,7,0
562,0,0
562,1,0
562,2,0
562,3,0
562,4,0
562,5,0
562,6,0
562,7,0
563,0,0
563,1,0
563,2,0
563,3,0
563,4,0
563,5,0
563,6,0
563,7,0
564,0,0
564,1,0
564,2,0
564,3,0
564,4,0
564,5,0
564,6,0
564,7,0
565,0,0
565,1,0
565,2,0
565,3,0
565,4,0
565,5,0
565,6,0
565,7,0
566,0,0
566,1,0
566,2,0
566,3,0
566,4,0
566,5,0
566,6,0
566,7,0
567,0,0
567,1,1
567,2,0
567,3,0
567,4,0
567,5,0
567,6,0
567,7,0
568,0,0
568,1,0
568,2,0
568,3,0
568,4,1
568,5,0
568,6,1
568,7,0
569,0,0
569,1,0
569,2,0
569,3,0
569,4,0
569,5,0
569,6,0
569,7,0
570,0,0
570,1,0
570,2,0
570,3,0
570,4,0
570,5,0
570,6,0
570,7,0
571,0,0
571,1,0
571,2,0
571,3,0
571,4,0
571,5,1
571,6,0
571,7,0
572,0,0
572,1,0
572,2,0
572,3,0
572,4,1
572,5,0
572,6,0
572,7,0
573,0,0
573,1,0
573,2,0
573,3,0
573,4,0
573,5,1
573,6,0
573,7,0
574,0,0
574,1,0
574,2,0
574,3,0
574,4,0
574,5,0
574,6,1
574,7,0
575,0,0
575,1,0
575,2,0
575,3,0
575,4,0
575,5,0
575,6,0
575,7,0
576,0,0
576,1,0
576,2,0
576,3,0
576,4,0
576,5,0
576,6,0
576,7,0
577,0,0
577,1,1
577,2,0
577,3,0
577,4,0
577,5,0
577,6,0
577,7,0
578,0,0
578,1,0
578,2,0
578,3,0
578,4,0
578,5,0
578,6,0
578,7,0
579,0,0
579,1,0
579,2,0
579,3,0
579,4,0
579,5,0
579,6,0
579,7,0
580,0,0
580,1,0
580,2,0
580,3,0
580,4,0
580,5,0
580,6,0
580,7,0
581,0,0
581,1,0
581,2,0
581,3,0
581,4,0
581,5,0
581,6,0
581,7,0
582,0,0
582,1,0
582,2,0
582,3,0
582,4,0
582,5,0
582,6,0
582,7,0
583,0,0
583,1,0
583,2,0
583,3,0
583,4,0
583,5,0
583,6,0
583,7,0
584,0,0
584,1,0
584,2,0
584,3,0
584,4,1
584,5,0
584,6,0
584,7,0
585,0,0
585,1,1
585,2,0
585,3,0
585,4,0
585,5,0
585,6,0
585,7,0
586,0,0
586,1,0
586,2,0
586,3,0
586,4,0
586,5,0
586,6,1
586,7,0
587,0,0
587,1,0
587,2,0
587,3,0
587,4,0
587,5,0
587,6,0
587,7,0
588,0,0
588,1,0
588,2,0
588,3,0
588,4,1
588,5,0
588,6,0
588,7,0
589,0,0
589,1,0
589,2,0
589,3,0
589,4,0
589,5,0
589,6,0
589,7,0
590,0,0
590,1,0
590,2,0
590,3,0
590,4,0
590,5,0
590,6,0
590,7,0
591,0,0
591,1,0
591,2,0
591,3,0
591,4,0
591,5,0
591,6,0
591,7,0
592,0,0
592,1,0
592,2,1
592,3,0
592,4,0
592,5,0
592,6,1
592,7,0
593,0,0
593,1,1
593,2,0
593,3,0
593,4,0
593,5,0
593,6,0
593,7,0
594,0,0
594,1,0
594,2,0
594,3,0
594,4,0
594,5,0
594,6,1
594,7,0
595,0,0
595,1,1
595,2,0
595,3,0
595,4,0
595,5,1
595,6,0
595,7,0
596,0,0
596,1,0
596,2,0
596,3,0
596,4,0
596,5,0
596,6,1
596,7,0
597,0,0
597,1,1
597,2,0
597,3,0
597,4,0
597,5,1
597,6,0
597,7,0
598,0,0
598,1,0
598,2,0
598,3,0
598,4,0
598,5,0
598,6,0
598,7,0
599,0,0
599,1,1
599,2,0
599,3,1
599,4,0
599,5,1
599,6,0
599,7,0
600,0,0
600,1,0
600,2,0
600,3,0
600,4,0
600,5,0
600,6,0
600,7,0
601,0,0
601,1,0
601,2,0
601,3,0
601,4,0
601,5,0
601,6,0
601,7,0
602,0,0
602,1,0
602,2,0
602,3,0
602,4,0
602,5,0
602,6,1
602,7,0
603,0,0
603,1,0
603,2,0
603,3,0
603,4,0
603,5,0
603,6,0
603,7,0
604,0,0
604,1,0
604,2,0
604,3,0
604,4,0
604,5,0
604,6,0
604,7,0
605,0,0
605,1,0
605,2,0
605,3,0
605,4,0
605,5,0
605,6,0
605,7,0
606,0,0
606,1,0
606,2,0
606,3,0
606,4,0
606,5,0
606,6,0
606,7,0
607,0,0
607,1,0
607,2,0
607,3,0
607,4,0
607,5,1
607,6,0
607,7,0
608,0,0
608,1,0
608,2,0
608,3,0
608,4,0
608,5,0
608,6,0
608,7,0
609,0,0
609,1,0
609,2,0
609,3,0
609,4,0
609,5,0
609,6,0
609,7,0
610,0,0
610,1,0
610,2,0
610,3,0
610,4,1
610,5,0
610,6,0
610,7,0
611,0,0
611,1,0
611,2,0
611,3,0
611,4,0
611,5,1
611,6,0
611,7,0
612,0,0
612,1,0
612,2,0
612,3,0
612,4,0
612,5,0
612,6,1
612,7,0
613,0,0
613,1,0
613,2,0
613,3,1
613,4,0
613,5,0
613,6,0
613,7,0
614,0,0
614,1,0
614,2,0
614,3,0
614,4,0
614,5,0
614,6,0
614,7,0
615,0,0
615,1,1
615,2,0
615,3,1
615,4,0
615,5,0
615,6,0
615,7,0
616,0,0
616,1,0
616,2,0
616,3,0
616,4,0
616,5,0
616,6,0
616,7,0
617,0,0
617,1,1
617,2,0
617,3,1
617,4,0
617,5,1
617,6,0
617,7,0
618,0,0
618,1,0
618,2,0
618,3,0
618,4,0
618,5,0
618,6,0
618,7,0
619,0,0
619,1,0
619,2,0
619,3,0
619,4,0
619,5,0
619,6,0
619,7,0
620,0,0
620,1,0
620,2,0
620,3,0
620,4,0
620,5,0
620,6,0
620,7,0
621,0,0
621,1,0
621,2,0
621,3,0
621,4,0
621,5,1
621,6,0
621,7,0
622,0,0
622,1,0
622,2,0
622,3,0
622,4,0
622,5,0
622,6,1
622,7,0
623,0,0
623,1,1
623,2,0
623,3,0
623,4,0
623,5,0
623,6,0
623,7,0
624,0,0
624,1,0
624,2,0
624,3,0
624,4,0
624,5,0
624,6,1
624,7,0
625,0,0
625,1,0
625,2,0
625,3,0
625,4,0
625,5,0
625,6,0
625,7,0
626,0,0
626,1,0
626,2,0
626,3,0
626,4,0
626,5,0
626,6,0
626,7,0
627,0,0
627,1,0
627,2,0
627,3,0
627,4,0
627,5,0
627,6,0
627,7,0
628,0,0
628,1,0
628,2,0
628,3,0
628,4,0
628,5,0
628,6,0
628,7,0
629,0,0
629,1,0
629,2,0
629,3,1
629,4,0
629,5,0
629,6,0
629,7,0
630,0,0
630,1,0
630,2,0
630,3,0
630,4,0
630,5,0
630,6,0
630,7,0
631,0,0
631,1,1
631,2,0
631,3,1
631,4,0
631,5,1
631,6,0
631,7,0
632,0,0
632,1,0
632,2,0
632,3,0
632,4,0
632,5,0
632,6,0
632,7,0
633,0,0
633,1,1
633,2,0
633,3,0
633,4,0
633,5,1
633,6,0
633,7,0
634,0,0
634,1,0
634,2,0
634,3,0
634,4,0
634,5,0
634,6,0
634,7,0
635,0,0
635,1,0
635,2,0
635,3,0
635,4,0
635,5,0
635,6,0
635,7,0
636,0,0
636,1,0
636,2,0
636,3,0
636,4,0
636,5,0
636,6,0
636,7,0
637,0,0
637,1,0
637,2,0
637,3,1
637,4,0
637,5,1
637,6,0
637,7,0
638,0,1
638,1,0
638,2,0
638,3,0
638,4,1
638,5,0
638,6,0
638,7,0
639,0,0
639,1,1
639,2,0
639,3,1
639,4,0
639,5,0
639,6,0
639,7,0
640,0,0
640,1,0
640,2,0
640,3,0
640,4,0
640,5,0
640,6,0
640,7,0
641,0,0
641,1,1
641,2,0
641,3,0
641,4,0
641,5,1
641,6,0
641,7,0
642,0,1
642,1,0
642,2,0
642,3,0
642,4,0
642,5,0
642,6,0
642,7,0
643,0,0
643,1,0
643,2,0
643,3,0
643,4,0
643,5,0
643,6,0
643,7,0
644,0,0
644,1,0
644,2,0
644,3,0
644,4,0
644,5,0
644,6,0
644,7,0
645,0,0
645,1,0
645,2,0
645,3,0
645,4,0
645,5,0
645,6,0
645,7,0
646,0,0
646,1,0
646,2,0
646,3,0
646,4,0
646,5,0
646,6,0
646,7,0
647,0,0
647,1,1
647,2,0
647,3,0
647,4,0
647,5,0
647,6,0
647,7,0
648,0,0
648,1,0
648,2,0
648,3,0
648,4,0
648,5,0
648,6,0
648,7,0
649,0,0
649,1,0
649,2,0
649,3,0
649,4,0
649,5,0
649,6,0
649,7,0
650,0,0
650,1,0
650,2,0
650,3,0
650,4,1
650,5,0
650,6,0
650,7,0
651,0,0
651,1,0
651,2,0
651,3,0
651,4,0
651,5,0
651,6,0
651,7,0
652,0,0
652,1,0
652,2,1
652,3,0
652,4,0
652,5,0
652,6,0
652,7,0
653,0,0
653,1,0
653,2,0
653,3,0
653,4,0
653,5,0
653,6,0
653,7,0
654,0,0
654,1,0
654,2,1
654,3,0
654,4,0
654,5,0
654,6,0
654,7,0
655,0,0
655,1,0
655,2,0
655,3,0
655,4,0
655,5,0
655,6,0
655,7,0
656,0,0
656,1,0
656,2,0
656,3,0
656,4,0
656,5,0
656,6,1
656,7,0
657,0,0
657,1,0
657,2,0
657,3,0
657,4,0
657,5,0
657,6,0
657,7,0
658,0,0
658,1,0
658,2,0
658,3,0
658,4,1
658,5,0
658,6,0
658,7,0
659,0,0
659,1,0
659,2,0
659,3,0
659,4,0
659,5,0
659,6,0
659,7,0
660,0,0
660,1,0
660,2,0
660,3,0
660,4,0
660,5,0
660,6,0
660,7,0
661,0,0
661,1,0
661,2,0
661,3,0
661,4,0
661,5,0
661,6,0
661,7,0
662,0,0
662,1,0
662,2,0
662,3,0
662,4,0
662,5,0
662,6,0
662,7,0
663,0,0
663,1,0
663,2,0
663,3,0
663,4,0
663,5,0
663,6,0
663,7,0
664,0,0
664,1,0
664,2,0
664,3,0
664,4,0
664,5,0
664,6,1
664,7,0
665,0,0
665,1,1
665,2,0
665,3,0
665,4,0
665,5,0
665,6,0
665,7,0
666,0,0
666,1,0
666,2,0
666,3,0
666,4,0
666,5,0
666,6,0
666,7,0
667,0,0
667,1,1
667,2,0
667,3,0
667,4,0
667,5,0
667,6,0
667,7,0
668,0,0
668,1,0
668,2,0
668,3,0
668,4,1
668,5,0
668,6,0
668,7,0
669,0,0
669,1,0
669,2,0
669,3,0
669,4,0
669,5,0
669,6,0
669,7,0
670,0,1
670,1,0
670,2,0
670,3,0
670,4,0
670,5,0
670,6,0
670,7,0
671,0,0
671,1,0
671,2,0
671,3,0
671,4,0
671,5,0
671,6,0
671,7,0
672,0,1
672,1,0
672,2,0
672,3,0
672,4,0
672,5,0
672,6,1
672,7,0
673,0,0
673,1,0
673,2,0
673,3,0
673,4,0
673,5,0
673,6,0
673,7,0
674,0,0
674,1,0
674,2,0
674,3,0
674,4,0
674,5,0
674,6,1
674,7,0
675,0,0
675,1,0
675,2,0
675,3,1
675,4,0
675,5,0
675,6,0
675,7,0
676,0,1
676,1,0
676,2,0
676,3,0
676,4,0
676,5,0
676,6,0
676,7,0
677,0,0
677,1,0
677,2,0
677,3,1
677,4,0
677,5,0
677,6,0
677,7,0
678,0,0
678,1,0
678,2,0
678,3,0
678,4,0
678,5,0
678,6,0
678,7,0
679,0,0
679,1,0
679,2,0
679,3,1
679,4,0
679,5,1
679,6,0
679,7,0
680,0,0
680,1,0
680,2,0
680,3,0
680,4,0
680,5,0
680,6,0
680,7,0
681,0,0
681,1,0
681,2,0
681,3,0
681,4,0
681,5,0
681,6,0
681,7,0
682,0,0
682,1,0
682,2,0
682,3,0
682,4,0
682,5,0
682,6,0
682,7,0
683,0,0
683,1,0
683,2,0
683,3,1
683,4,0
683,5,0
683,6,0
683,7,0
684,0,0
684,1,0
684,2,0
684,3,0
684,4,0
684,5,0
684,6,0
684,7,0
685,0,0
685,1,0
685,2,0
685,3,0
685,4,0
685,5,0
685,6,0
685,7,0
686,0,0
686,1,0
686,2,0
686,3,0
686,4,0
686,5,0
686,6,0
686,7,0
687,0,0
687,1,0
687,2,0
687,3,0
687,4,0
687,5,0
687,6,0
687,7,0
688,0,0
688,1,0
688,2,0
688,3,0
688,4,0
688,5,0
688,6,1
688,7,0
689,0,0
689,1,1
689,2,0
689,3,1
689,4,0
689,5,0
689,6,0
689,7,0
690,0,0
690,1,0
690,2,0
690,3,0
690,4,1
690,5,0
690,6,0
690,7,0
691,0,0
691,1,1
691,2,0
691,3,0
691,4,0
691,5,0
691,6,0
691,7,0
692,0,0
692,1,0
692,2,0
692,3,0
692,4,1
692,5,0
692,6,0
692,7,0
693,0,0
693,1,1
693,2,0
693,3,1
693,4,0
693,5,0
693,6,0
693,7,0
694,0,0
694,1,0
694,2,0
694,3,0
694,4,0
694,5,0
694,6,0
694,7,0
695,0,0
695,1,1
695,2,0
695,3,1
695,4,0
695,5,0
695,6,0
695,7,0
696,0,0
696,1,0
696,2,0
696,3,0
696,4,0
696,5,0
696,6,0
696,7,0
697,0,0
697,1,0
697,2,0
697,3,0
697,4,0
697,5,0
697,6,0
697,7,0
698,0,0
698,1,0
698,2,0
698,3,0
698,4,0
698,5,0
698,6,0
698,7,0
699,0,0
699,1,0
699,2,0
699,3,0
699,4,0
699,5,0
699,6,0
699,7,0
700,0,0
700,1,0
700,2,0
700,3,0
700,4,0
700,5,0
700,6,0
700,7,0
701,0,0
701,1,0
701,2,0
701,3,1
701,4,0
701,5,1
701,6,0
701,7,0
702,0,0
702,1,0
702,2,0
702,3,0
702,4,0
702,5,0
702,6,1
702,7,0
703,0,0
703,1,0
703,2,0
703,3,0
703,4,0
703,5,0
703,6,0
703,7,0
704,0,0
704,1,0
704,2,0
704,3,0
704,4,0
704,5,0
704,6,1
704,7,0
705,0,0
705,1,0
705,2,0
705,3,1
705,4,0
705,5,0
705,6,0
705,7,0
706,0,0
706,1,0
706,2,0
706,3,0
706,4,1
706,5,0
706,6,0
706,7,0
707,0,0
707,1,0
707,2,0
707,3,1
707,4,0
707,5,0
707,6,0
707,7,0
708,0,0
708,1,0
708,2,0
708,3,0
708,4,1
708,5,0
708,6,0
708,7,0
709,0,0
709,1,1
709,2,0
709,3,0
709,4,0
709,5,0
709,6,0
709,7,0
710,0,0
710,1,0
710,2,0
710,3,0
710,4,0
710,5,0
710,6,0
710,7,0
711,0,0
711,1,0
711,2,0
711,3,0
711,4,0
711,5,0
711,6,0
711,7,0
712,0,0
712,1,0
712,2,0
712,3,0
712,4,0
712,5,0
712,6,0
712,7,0
713,0,0
713,1,1
713,2,0
713,3,0
713,4,0
713,5,0
713,6,0
713,7,0
714,0,0
714,1,0
714,2,0
714,3,0
714,4,1
714,5,0
714,6,1
714,7,0
715,0,0
715,1,0
715,2,0
715,3,0
715,4,0
715,5,0
715,6,0
715,7,0
716,0,0
716,1,0
716,2,0
716,3,0
716,4,0
716,5,0
716,6,0
716,7,0
717,0,0
717,1,1
717,2,0
717,3,1
717,4,0
717,5,1
717,6,0
717,7,0
718,0,0
718,1,0
718,2,0
718,3,0
718,4,0
718,5,0
718,6,1
718,7,0
719,0,0
719,1,0
719,2,0
719,3,1
719,4,0
719,5,0
719,6,0
719,7,0
720,0,0
720,1,0
720,2,0
720,3,0
720,4,1
720,5,0
720,6,0
720,7,0
721,0,0
721,1,0
721,2,0
721,3,1
721,4,0
721,5,1
721,6,0
721,7,0
722,0,0
722,1,0
722,2,0
722,3,0
722,4,0
722,5,0
722,6,0
722,7,0
723,0,0
723,1,0
723,2,0
723,3,0
723,4,0
723,5,0
723,6,0
723,7,0
724,0,0
724,1,0
724,2,0
724,3,0
724,4,0
724,5,0
724,6,1
724,7,0
725,0,0
725,1,0
725,2,0
725,3,0
725,4,0
725,5,0
725,6,0
725,7,0
726,0,0
726,1,0
726,2,0
726,3,0
726,4,0
726,5,0
726,6,0
726,7,0
727,0,0
727,1,0
727,2,0
727,3,0
727,4,0
727,5,0
727,6,0
727,7,0
728,0,0
728,1,0
728,2,0
728,3,0
728,4,0
728,5,0
728,6,0
728,7,0
729,0,0
729,1,1
729,2,0
729,3,1
729,4,0
729,5,0
729,6,0
729,7,0
730,0,0
730,1,0
730,2,0
730,3,0
730,4,0
730,5,0
730,6,0
730,7,0
731,0,0
731,1,1
731,2,0
731,3,0
731,4,0
731,5,1
731,6,0
731,7,0
732,0,0
732,1,0
732,2,0
732,3,0
732,4,0
732,5,0
732,6,1
732,7,0
733,0,0
733,1,0
733,2,0
733,3,0
733,4,0
733,5,0
733,6,0
733,7,0
734,0,0
734,1,0
734,2,0
734,3,0
734,4,0
734,5,0
734,6,0
734,7,0
735,0,0
735,1,1
735,2,0
735,3,0
735,4,0
735,5,1
735,6,0
735,7,0
736,0,0
736,1,0
736,2,0
736,3,0
736,4,0
736,5,0
736,6,0
736,7,0
737,0,0
737,1,0
737,2,0
737,3,0
737,4,0
737,5,0
737,6,0
737,7,0
738,0,0
738,1,0
738,2,0
738,3,0
738,4,0
738,5,0
738,6,0
738,7,0
739,0,0
739,1,0
739,2,0
739,3,0
739,4,0
739,5,1
739,6,0
739,7,0
740,0,0
740,1,0
740,2,0
740,3,0
740,4,0
740,5,0
740,6,0
740,7,0
741,0,0
741,1,0
741,2,0
741,3,0
741,4,0
741,5,0
741,6,0
741,7,0
742,0,0
742,1,0
742,2,0
742,3,0
742,4,0
742,5,0
742,6,0
742,7,0
743,0,0
743,1,1
743,2,0
743,3,0
743,4,0
743,5,0
743,6,0
743,7,0
744,0,0
744,1,0
744,2,0
744,3,0
744,4,0
744,5,0
744,6,0
744,7,0
745,0,0
745,1,1
745,2,0
745,3,0
745,4,0
745,5,1
745,6,0
745,7,0
746,0,0
746,1,0
746,2,0
746,3,0
746,4,0
746,5,0
746,6,0
746,7,0
747,0,0
747,1,0
747,2,0
747,3,0
747,4,0
747,5,0
747,6,0
747,7,0
748,0,0
748,1,0
748,2,0
748,3,0
748,4,0
748,5,0
748,6,0
748,7,0
749,0,0
749,1,0
749,2,0
749,3,0
749,4,0
749,5,0
749,6,0
749,7,0
750,0,0
750,1,0
750,2,0
750,3,0
750,4,0
750,5,0
750,6,1
750,7,0
751,0,0
751,1,0
751,2,0
751,3,1
751,4,0
751,5,0
751,6,0
751,7,0
752,0,0
752,1,0
752,2,0
752,3,0
752,4,0
752,5,0
752,6,0
752,7,0
753,0,0
753,1,0
753,2,0
753,3,1
753,4,0
753,5,0
753,6,0
753,7,0
754,0,0
754,1,0
754,2,0
754,3,0
754,4,0
754,5,0
754,6,0
754,7,0
755,0,0
755,1,0
755,2,0
755,3,0
755,4,0
755,5,0
755,6,0
755,7,0
756,0,0
756,1,0
756,2,0
756,3,0
756,4,0
756,5,0
756,6,1
756,7,0
757,0,0
757,1,0
757,2,0
757,3,1
757,4,0
757,5,0
757,6,0
757,7,0
758,0,0
758,1,0
758,2,0
758,3,0
758,4,0
758,5,0
758,6,0
758,7,0
759,0,0
759,1,1
759,2,0
759,3,0
759,4,0
759,5,0
759,6,0
759,7,0
760,0,0
760,1,0
760,2,0
760,3,0
760,4,0
760,5,0
760,6,0
760,7,0
761,0,0
761,1,1
761,2,0
761,3,0
761,4,0
761,5,0
761,6,0
761,7,0
762,0,0
762,1,0
762,2,0
762,3,0
762,4,0
762,5,0
762,6,0
762,7,0
763,0,0
763,1,0
763,2,0
763,3,1
763,4,0
763,5,0
763,6,0
763,7,0
764,0,0
764,1,0
764,2,0
764,3,0
764,4,1
764,5,0
764,6,1
764,7,0
765,0,0
765,1,0
765,2,0
765,3,1
765,4,0
765,5,0
765,6,0
765,7,0
766,0,0
766,1,0
766,2,0
766,3,0
766,4,0
766,5,0
766,6,0
766,7,0
767,0,0
767,1,0
767,2,0
767,3,0
767,4,0
767,5,0
767,6,0
767,7,0
768,0,0
768,1,0
768,2,0
768,3,0
768,4,0
768,5,0
768,6,0
768,7,0
769,0,0
769,1,0
769,2,0
769,3,1
769,4,0
769,5,1
769,6,0
769,7,0
770,0,0
770,1,0
770,2,0
770,3,0
770,4,0
770,5,0
770,6,0
770,7,0
771,0,0
771,1,1
771,2,0
771,3,1
771,4,0
771,5,0
771,6,0
771,7,0
772,0,0
772,1,0
772,2,0
772,3,0
772,4,0
772,5,0
772,6,0
772,7,0
773,0,0
773,1,1
773,2,0
773,3,0
773,4,0
773,5,0
773,6,0
773,7,0
774,0,0
774,1,0
774,2,0
774,3,0
774,4,0
774,5,0
774,6,0
774,7,0
775,0,0
775,1,0
775,2,0
775,3,0
775,4,0
775,5,0
775,6,0
775,7,0
776,0,0
776,1,0
776,2,0
776,3,0
776,4,0
776,5,0
776,6,0
776,7,0
777,0,0
777,1,0
777,2,0
777,3,0
777,4,0
777,5,0
777,6,0
777,7,0
778,0,0
778,1,0
778,2,0
778,3,0
778,4,0
778,5,0
778,6,0
778,7,0
779,0,0
779,1,0
779,2,0
779,3,0
779,4,0
779,5,1
779,6,0
779,7,0
780,0,0
780,1,0
780,2,0
780,3,0
780,4,0
780,5,0
780,6,0
780,7,0
781,0,0
781,1,1
781,2,0
781,3,0
781,4,0
781,5,0
781,6,0
781,7,0
782,0,0
782,1,0
782,2,0
782,3,0
782,4,0
782,5,0
782,6,0
782,7,0
783,0,0
783,1,0
783,2,0
783,3,0
783,4,0
783,5,0
783,6,0
783,7,0
784,0,0
784,1,0
784,2,0
784,3,0
784,4,0
784,5,0
784,6,0
784,7,0
785,0,0
785,1,1
785,2,0
785,3,0
785,4,0
785,5,1
785,6,0
785,7,0
786,0,0
786,1,0
786,2,0
786,3,0
786,4,1
786,5,0
786,6,0
786,7,0
787,0,0
787,1,1
787,2,0
787,3,0
787,4,0
787,5,1
787,6,0
787,7,0
788,0,0
788,1,0
788,2,0
788,3,0
788,4,0
788,5,0
788,6,0
788,7,0
789,0,0
789,1,1
789,2,0
789,3,0
789,4,0
789,5,0
789,6,0
789,7,0
790,0,0
790,1,0
790,2,1
790,3,0
790,4,1
790,5,0
790,6,0
790,7,0
791,0,0
791,1,0
791,2,0
791,3,0
791,4,0
791,5,0
791,6,0
791,7,0
792,0,0
792,1,0
792,2,0
792,3,0
792,4,0
792,5,0
792,6,0
792,7,0
793,0,0
793,1,0
793,2,0
793,3,0
793,4,0
793,5,0
793,6,0
793,7,0
794,0,0
794,1,0
794,2,0
794,3,0
794,4,1
794,5,0
794,6,0
794,7,0
795,0,0
795,1,1
795,2,0
795,3,0
795,4,0
795,5,0
795,6,0
795,7,0
796,0,0
796,1,0
796,2,0
796,3,0
796,4,0
796,5,0
796,6,1
796,7,0
797,0,0
797,1,1
797,2,0
797,3,0
797,4,0
797,5,1
797,6,0
797,7,0
798,0,0
798,1,0
798,2,0
798,3,0
798,4,0
798,5,0
798,6,0
798,7,0
799,0,0
799,1,0
799,2,0
799,3,0
799,4,0
799,5,0
799,6,0
799,7,0
800,0,0
800,1,0
800,2,0
800,3,0
800,4,0
800,5,0
800,6,0
800,7,0
801,0,0
801,1,0
801,2,0
801,3,0
801,4,0
801,5,0
801,6,0
801,7,0
802,0,0
802,1,0
802,2,0
802,3,0
802,4,0
802,5,0
802,6,1
802,7,0
803,0,0
803,1,0
803,2,0
803,3,0
803,4,0
803,5,1
803,6,0
803,7,0
804,0,0
804,1,0
804,2,1
804,3,0
804,4,1
804,5,0
804,6,0
804,7,0
805,0,0
805,1,0
805,2,0
805,3,0
805,4,0
805,5,1
805,6,0
805,7,0
806,0,0
806,1,0
806,2,0
806,3,0
806,4,0
806,5,0
806,6,1
806,7,0
807,0,0
807,1,0
807,2,0
807,3,0
807,4,0
807,5,0
807,6,0
807,7,0
808,0,0
808,1,0
808,2,0
808,3,0
808,4,0
808,5,0
808,6,0
808,7,0
809,0,0
809,1,0
809,2,0
809,3,0
809,4,0
809,5,0
809,6,0
809,7,0
810,0,0
810,1,0
810,2,0
810,3,0
810,4,0
810,5,0
810,6,0
810,7,0
811,0,0
811,1,0
811,2,0
811,3,0
811,4,0
811,5,1
811,6,0
811,7,0
812,0,0
812,1,0
812,2,1
812,3,0
812,4,0
812,5,0
812,6,0
812,7,0
813,0,0
813,1,0
813,2,0
813,3,0
813,4,0
813,5,1
813,6,0
813,7,0
814,0,0
814,1,0
814,2,1
814,3,0
814,4,0
814,5,0
814,6,0
814,7,0
815,0,0
815,1,1
815,2,0
815,3,0
815,4,0
815,5,0
815,6,0
815,7,0
816,0,0
816,1,0
816,2,0
816,3,0
816,4,0
816,5,0
816,6,0
816,7,0
817,0,0
817,1,1
817,2,0
817,3,0
817,4,0
817,5,0
817,6,0
817,7,0
818,0,0
818,1,0
818,2,0
818,3,0
818,4,0
818,5,0
818,6,0
818,7,0
819,0,0
819,1,1
819,2,0
819,3,0
819,4,0
819,5,0
819,6,0
819,7,0
820,0,0
820,1,0
820,2,0
820,3,0
820,4,0
820,5,0
820,6,0
820,7,0
821,0,0
821,1,1
821,2,0
821,3,0
821,4,0
821,5,1
821,6,0
821,7,0
822,0,0
822,1,0
822,2,0
822,3,0
822,4,0
822,5,0
822,6,0
822,7,0
823,0,0
823,1,1
823,2,0
823,3,1
823,4,0
823,5,0
823,6,0
823,7,0
824,0,0
824,1,0
824,2,0
824,3,0
824,4,0
824,5,0
824,6,0
824,7,0
825,0,0
825,1,0
825,2,0
825,3,1
825,4,0
825,5,1
825,6,0
825,7,0
826,0,0
826,1,0
826,2,0
826,3,0
826,4,0
826,5,0
826,6,0
826,7,0
827,0,0
827,1,0
827,2,0
827,3,1
827,4,0
827,5,0
827,6,0
827,7,0
828,0,0
828,1,0
828,2,0
828,3,0
828,4,1
828,5,0
828,6,0
828,7,0
829,0,0
829,1,0
829,2,0
829,3,0
829,4,0
829,5,0
829,6,0
829,7,0
830,0,0
830,1,0
830,2,0
830,3,0
830,4,1
830,5,0
830,6,0
830,7,0
831,0,0
831,1,0
831,2,0
831,3,0
831,4,0
831,5,1
831,6,0
831,7,0
832,0,0
832,1,0
832,2,0
832,3,0
832,4,1
832,5,0
832,6,0
832,7,0
833,0,0
833,1,0
833,2,0
833,3,0
833,4,0
833,5,0
833,6,0
833,7,0
834,0,0
834,1,0
834,2,0
834,3,0
834,4,0
834,5,0
834,6,0
834,7,0
835,0,0
835,1,0
835,2,0
835,3,0
835,4,0
835,5,0
835,6,0
835,7,0
836,0,0
836,1,0
836,2,0
836,3,0
836,4,1
836,5,0
836,6,1
836,7,0
837,0,0
837,1,0
837,2,0
837,3,0
837,4,0
837,5,0
837,6,0
837,7,0
838,0,1
838,1,0
838,2,0
838,3,0
838,4,0
838,5,0
838,6,0
838,7,0
839,0,0
839,1,0
839,2,0
839,3,0
839,4,0
839,5,1
839,6,0
839,7,0
840,0,1
840,1,0
840,2,0
840,3,0
840,4,0
840,5,0
840,6,0
840,7,0
841,0,0
841,1,0
841,2,0
841,3,0
841,4,0
841,5,0
841,6,0
841,7,0
842,0,1
842,1,0
842,2,0
842,3,0
842,4,0
842,5,0
842,6,1
842,7,0
843,0,0
843,1,0
843,2,0
843,3,0
843,4,0
843,5,0
843,6,0
843,7,0
844,0,1
844,1,0
844,2,0
844,3,0
844,4,0
844,5,0
844,6,1
844,7,0
845,0,0
845,1,0
845,2,0
845,3,0
845,4,0
845,5,0
845,6,0
845,7,0
846,0,0
846,1,0
846,2,1
846,3,0
846,4,1
846,5,0
846,6,0
846,7,0
847,0,0
847,1,0
847,2,0
847,3,0
847,4,0
847,5,0
847,6,0
847,7,0
848,0,0
848,1,0
848,2,1
848,3,0
848,4,1
848,5,0
848,6,0
848,7,0
849,0,0
849,1,0
849,2,0
849,3,0
849,4,0
849,5,0
849,6,0
849,7,0
850,0,0
850,1,0
850,2,0
850,3,0
850,4,0
850,5,0
850,6,0
850,7,0
851,0,0
851,1,0
851,2,0
851,3,0
851,4,0
851,5,0
851,6,0
851,7,0
852,0,0
852,1,0
852,2,0
852,3,0
852,4,0
852,5,0
852,6,1
852,7,0
853,0,0
853,1,0
853,2,0
853,3,0
853,4,0
853,5,1
853,6,0
853,7,0
854,0,1
854,1,0
854,2,1
854,3,0
854,4,0
854,5,0
854,6,0
854,7,0
855,0,0
855,1,0
855,2,0
855,3,0
855,4,0
855,5,0
855,6,0
855,7,0
856,0,1
856,1,0
856,2,1
856,3,0
856,4,0
856,5,0
856,6,1
856,7,0
857,0,0
857,1,0
857,2,0
857,3,0
857,4,0
857,5,0
857,6,0
857,7,0
858,0,0
858,1,0
858,2,1
858,3,0
858,4,0
858,5,0
858,6,0
858,7,0
859,0,0
859,1,0
859,2,0
859,3,0
859,4,0
859,5,0
859,6,0
859,7,0
860,0,0
860,1,0
860,2,0
860,3,0
860,4,0
860,5,0
860,6,0
860,7,0
861,0,0
861,1,0
861,2,0
861,3,0
861,4,0
861,5,0
861,6,0
861,7,0
862,0,0
862,1,0
862,2,0
862,3,0
862,4,0
862,5,0
862,6,0
862,7,0
863,0,0
863,1,0
863,2,0
863,3,0
863,4,0
863,5,0
863,6,0
863,7,0
864,0,0
864,1,0
864,2,0
864,3,0
864,4,0
864,5,0
864,6,0
864,7,0
865,0,0
865,1,0
865,2,0
865,3,0
865,4,0
865,5,0
865,6,0
865,7,0
866,0,0
866,1,0
866,2,0
866,3,0
866,4,0
866,5,0
866,6,0
866,7,0
867,0,0
867,1,0
867,2,0
867,3,0
867,4,0
867,5,0
867,6,0
867,7,0
868,0,0
868,1,0
868,2,0
868,3,0
868,4,0
868,5,0
868,6,0
868,7,0
869,0,0
869,1,0
869,2,0
869,3,0
869,4,0
869,5,1
869,6,0
869,7,0
870,0,0
870,1,0
870,2,0
870,3,0
870,4,0
870,5,0
870,6,1
870,7,0
871,0,0
871,1,1
871,2,0
871,3,0
871,4,0
871,5,0
871,6,0
871,7,0
872,0,0
872,1,0
872,2,0
872,3,0
872,4,0
872,5,0
872,6,1
872,7,0
873,0,0
873,1,0
873,2,0
873,3,0
873,4,0
873,5,0
873,6,0
873,7,0
874,0,0
874,1,0
874,2,0
874,3,0
874,4,0
874,5,0
874,6,0
874,7,0
875,0,0
875,1,0
875,2,0
875,3,0
875,4,0
875,5,0
875,6,0
875,7,0
876,0,0
876,1,0
876,2,1
876,3,0
876,4,1
876,5,0
876,6,0
876,7,0
877,0,0
877,1,0
877,2,0
877,3,0
877,4,0
877,5,0
877,6,0
877,7,0
878,0,0
878,1,0
878,2,0
878,3,0
878,4,0
878,5,0
878,6,0
878,7,0
879,0,0
879,1,0
879,2,0
879,3,0
879,4,0
879,5,0
879,6,0
879,7,0
880,0,0
880,1,0
880,2,0
880,3,0
880,4,0
880,5,0
880,6,1
880,7,0
881,0,0
881,1,1
881,2,0
881,3,0
881,4,0
881,5,0
881,6,0
881,7,0
882,0,0
882,1,0
882,2,0
882,3,0
882,4,0
882,5,0
882,6,0
882,7,0
883,0,0
883,1,0
883,2,0
883,3,0
883,4,0
883,5,1
883,6,0
883,7,0
884,0,0
884,1,0
884,2,0
884,3,0
884,4,0
884,5,0
884,6,0
884,7,0
885,0,0
885,1,0
885,2,0
885,3,0
885,4,0
885,5,0
885,6,0
885,7,0
886,0,0
886,1,0
886,2,0
886,3,0
886,4,0
886,5,0
886,6,1
886,7,0
887,0,0
887,1,0
887,2,0
887,3,0
887,4,0
887,5,1
887,6,0
887,7,0
888,0,0
888,1,0
888,2,1
888,3,0
888,4,0
888,5,0
888,6,0
888,7,0
889,0,0
889,1,0
889,2,0
889,3,0
889,4,0
889,5,1
889,6,0
889,7,0
890,0,0
890,1,0
890,2,0
890,3,0
890,4,0
890,5,0
890,6,0
890,7,0
891,0,0
891,1,0
891,2,0
891,3,0
891,4,0
891,5,1
891,6,0
891,7,0
892,0,1
892,1,0
892,2,0
892,3,0
892,4,0
892,5,0
892,6,0
892,7,0
893,0,0
893,1,0
893,2,0
893,3,0
893,4,0
893,5,0
893,6,0
893,7,0
894,0,0
894,1,0
894,2,0
894,3,0
894,4,0
894,5,0
894,6,0
894,7,0
895,0,0
895,1,0
895,2,0
895,3,0
895,4,0
895,5,0
895,6,0
895,7,0
896,0,1
896,1,0
896,2,0
896,3,0
896,4,1
896,5,0
896,6,0
896,7,0
897,0,0
897,1,0
897,2,0
897,3,0
897,4,0
897,5,0
897,6,0
897,7,0
898,0,0
898,1,0
898,2,0
898,3,0
898,4,1
898,5,0
898,6,0
898,7,0
899,0,0
899,1,1
899,2,0
899,3,0
899,4,0
899,5,0
899,6,0
899,7,0
900,0,0
900,1,0
900,2,0
900,3,0
900,4,0
900,5,0
900,6,0
900,7,0
901,0,0
901,1,1
901,2,0
901,3,0
901,4,0
901,5,0
901,6,0
901,7,0
902,0,0
902,1,0
902,2,0
902,3,0
902,4,0
902,5,0
902,6,0
902,7,0
903,0,0
903,1,1
903,2,0
903,3,0
903,4,0
903,5,1
903,6,0
903,7,0
904,0,0
904,1,0
904,2,0
904,3,0
904,4,0
904,5,0
904,6,0
904,7,0
905,0,0
905,1,0
905,2,0
905,3,0
905,4,0
905,5,0
905,6,0
905,7,0
906,0,0
906,1,0
906,2,0
906,3,0
906,4,0
906,5,0
906,6,0
906,7,0
907,0,0
907,1,1
907,2,0
907,3,1
907,4,0
907,5,0
907,6,0
907,7,0
908,0,0
908,1,0
908,2,0
908,3,0
908,4,0
908,5,0
908,6,0
908,7,0
909,0,0
909,1,0
909,2,0
909,3,0
909,4,0
909,5,0
909,6,0
909,7,0
910,0,0
910,1,0
910,2,0
910,3,0
910,4,0
910,5,0
910,6,0
910,7,0
911,0,0
911,1,0
911,2,0
911,3,0
911,4,0
911,5,0
911,6,0
911,7,0
912,0,0
912,1,0
912,2,0
912,3,0
912,4,0
912,5,0
912,6,1
912,7,0
913,0,0
913,1,0
913,2,0
913,3,0
913,4,0
913,5,0
913,6,0
913,7,0
914,0,0
914,1,0
914,2,0
914,3,0
914,4,0
914,5,0
914,6,1
914,7,0
915,0,0
915,1,0
915,2,0
915,3,1
915,4,0
915,5,0
915,6,0
915,7,0
916,0,0
916,1,0
916,2,0
916,3,0
916,4,0
916,5,0
916,6,1
916,7,0
917,0,0
917,1,0
917,2,0
917,3,0
917,4,0
917,5,0
917,6,0
917,7,0
918,0,0
918,1,0
918,2,0
918,3,0
918,4,0
918,5,0
918,6,0
918,7,0
919,0,0
919,1,1
919,2,0
919,3,1
919,4,0
919,5,0
919,6,0
919,7,0
920,0,0
920,1,0
920,2,0
920,3,0
920,4,0
920,5,0
920,6,0
920,7,0
921,0,0
921,1,0
921,2,0
921,3,0
921,4,0
921,5,0
921,6,0
921,7,0
922,0,0
922,1,0
922,2,0
922,3,0
922,4,0
922,5,0
922,6,1
922,7,0
923,0,0
923,1,0
923,2,0
923,3,1
923,4,0
923,5,1
923,6,0
923,7,0
924,0,0
924,1,0
924,2,0
924,3,0
924,4,0
924,5,0
924,6,0
924,7,0
925,0,0
925,1,1
925,2,0
925,3,1
925,4,0
925,5,0
925,6,0
925,7,0
926,0,0
926,1,0
926,2,0
926,3,0
926,4,0
926,5,0
926,6,1
926,7,0
927,0,0
927,1,0
927,2,0
927,3,1
927,4,0
927,5,0
927,6,0
927,7,0
928,0,1
928,1,0
928,2,0
928,3,0
928,4,0
928,5,0
928,6,0
928,7,0
929,0,0
929,1,0
929,2,0
929,3,1
929,4,0
929,5,0
929,6,0
929,7,0
930,0,1
930,1,0
930,2,0
930,3,0
930,4,0
930,5,0
930,6,0
930,7,0
931,0,0
931,1,1
931,2,0
931,3,0
931,4,0
931,5,0
931,6,0
931,7,0
932,0,0
932,1,0
932,2,0
932,3,0
932,4,0
932,5,0
932,6,0
932,7,0
933,0,0
933,1,1
933,2,0
933,3,1
933,4,0
933,5,0
933,6,0
933,7,0
934,0,0
934,1,0
934,2,0
934,3,0
934,4,0
934,5,0
934,6,0
934,7,0
935,0,0
935,1,1
935,2,0
935,3,0
935,4,0
935,5,0
935,6,0
935,7,0
936,0,0
936,1,0
936,2,0
936,3,0
936,4,0
936,5,0
936,6,0
936,7,0
937,0,0
937,1,1
937,2,0
937,3,0
937,4,0
937,5,0
937,6,0
937,7,0
938,0,0
938,1,0
938,2,0
938,3,0
938,4,0
938,5,0
938,6,0
938,7,0
939,0,0
939,1,0
939,2,0
939,3,0
939,4,0
939,5,0
939,6,0
939,7,0
940,0,0
940,1,0
940,2,0
940,3,0
940,4,1
940,5,0
940,6,0
940,7,0
941,0,0
941,1,0
941,2,0
941,3,0
941,4,0
941,5,0
941,6,0
941,7,0
942,0,0
942,1,0
942,2,0
942,3,0
942,4,0
942,5,0
942,6,0
942,7,0
943,0,0
943,1,0
943,2,0
943,3,1
943,4,0
943,5,0
943,6,0
943,7,0
944,0,0
944,1,0
944,2,0
944,3,0
944,4,0
944,5,0
944,6,0
944,7,0
945,0,0
945,1,0
945,2,0
945,3,0
945,4,0
945,5,0
945,6,0
945,7,0
946,0,0
946,1,0
946,2,0
946,3,0
946,4,0
946,5,0
946,6,0
946,7,0
947,0,0
947,1,0
947,2,0
947,3,1
947,4,0
947,5,0
947,6,0
947,7,0
948,0,0
948,1,0
948,2,0
948,3,0
948,4,0
948,5,0
948,6,1
948,7,0
949,0,0
949,1,0
949,2,0
949,3,0
949,4,0
949,5,0
949,6,0
949,7,0
950,0,0
950,1,0
950,2,0
950,3,0
950,4,0
950,5,0
950,6,1
950,7,0
951,0,0
951,1,0
951,2,0
951,3,0
951,4,0
951,5,0
951,6,0
951,7,0
952,0,0
952,1,0
952,2,0
952,3,0
952,4,0
952,5,0
952,6,0
952,7,0
953,0,0
953,1,0
953,2,0
953,3,0
953,4,0
953,5,0
953,6,0
953,7,0
954,0,1
954,1,0
954,2,0
954,3,0
954,4,0
954,5,0
954,6,1
954,7,0
955,0,0
955,1,0
955,2,0
955,3,0
955,4,0
955,5,0
955,6,0
955,7,0
956,0,1
956,1,0
956,2,0
956,3,0
956,4,0
956,5,0
956,6,0
956,7,0
957,0,0
957,1,0
957,2,0
957,3,0
957,4,0
957,5,0
957,6,0
957,7,0
958,0,0
958,1,0
958,2,0
958,3,0
958,4,0
958,5,0
958,6,0
958,7,0
959,0,0
959,1,0
959,2,0
959,3,1
959,4,0
959,5,1
959,6,0
959,7,0
960,0,0
960,1,0
960,2,0
960,3,0
960,4,0
960,5,0
960,6,0
960,7,0
961,0,0
961,1,0
961,2,0
961,3,1
961,4,0
961,5,1
961,6,0
961,7,0
962,0,0
962,1,0
962,2,0
962,3,0
962,4,0
962,5,0
962,6,0
962,7,0
963,0,0
963,1,0
963,2,0
963,3,0
963,4,0
963,5,0
963,6,0
963,7,0
964,0,0
964,1,0
964,2,1
964,3,0
964,4,0
964,5,0
964,6,0
964,7,0
965,0,0
965,1,0
965,2,0
965,3,0
965,4,0
965,5,0
965,6,0
965,7,0
966,0,0
966,1,0
966,2,0
966,3,0
966,4,1
966,5,0
966,6,0
966,7,0
967,0,0
967,1,0
967,2,0
967,3,0
967,4,0
967,5,0
967,6,0
967,7,0
968,0,0
968,1,0
968,2,0
968,3,0
968,4,0
968,5,0
968,6,0
968,7,0
969,0,0
969,1,1
969,2,0
969,3,0
969,4,0
969,5,0
969,6,0
969,7,0
970,0,0
970,1,0
970,2,0
970,3,0
970,4,0
970,5,0
970,6,0
970,7,0
971,0,0
971,1,0
971,2,0
971,3,0
971,4,0
971,5,0
971,6,0
971,7,0
972,0,0
972,1,0
972,2,0
972,3,0
972,4,0
972,5,0
972,6,0
972,7,0
973,0,0
973,1,0
973,2,0
973,3,0
973,4,0
973,5,0
973,6,0
973,7,0
974,0,0
974,1,0
974,2,0
974,3,0
974,4,1
974,5,0
974,6,0
974,7,0
975,0,0
975,1,1
975,2,0
975,3,0
975,4,0
975,5,0
975,6,0
975,7,0
976,0,0
976,1,0
976,2,0
976,3,0
976,4,0
976,5,0
976,6,0
976,7,0
977,0,0
977,1,1
977,2,0
977,3,0
977,4,0
977,5,0
977,6,0
977,7,0
978,0,0
978,1,0
978,2,0
978,3,0
978,4,0
978,5,0
978,6,0
978,7,0
979,0,0
979,1,0
979,2,0
979,3,0
979,4,0
979,5,1
979,6,0
979,7,0
980,0,0
980,1,0
980,2,0
980,3,0
980,4,0
980,5,0
980,6,1
980,7,0
981,0,0
981,1,0
981,2,0
981,3,0
981,4,0
981,5,0
981,6,0
981,7,0
982,0,0
982,1,0
982,2,0
982,3,0
982,4,1
982,5,0
982,6,0
982,7,0
983,0,0
983,1,0
983,2,0
983,3,0
983,4,0
983,5,1
983,6,0
983,7,0
984,0,0
984,1,0
984,2,0
984,3,0
984,4,0
984,5,0
984,6,0
984,7,0
985,0,0
985,1,0
985,2,0
985,3,0
985,4,0
985,5,0
985,6,0
985,7,0
986,0,0
986,1,0
986,2,1
986,3,0
986,4,0
986,5,0
986,6,0
986,7,0
987,0,0
987,1,0
987,2,0
987,3,0
987,4,0
987,5,0
987,6,0
987,7,0
988,0,0
988,1,0
988,2,1
988,3,0
988,4,1
988,5,0
988,6,1
988,7,0
989,0,0
989,1,0
989,2,0
989,3,0
989,4,0
989,5,1
989,6,0
989,7,0
990,0,0
990,1,0
990,2,0
990,3,0
990,4,0
990,5,0
990,6,0
990,7,0
991,0,0
991,1,0
991,2,0
991,3,0
991,4,0
991,5,0
991,6,0
991,7,0
992,0,0
992,1,0
992,2,0
992,3,0
992,4,1
992,5,0
992,6,0
992,7,0
993,0,0
993,1,0
993,2,0
993,3,0
993,4,0
993,5,0
993,6,0
993,7,0
994,0,0
994,1,0
994,2,0
994,3,0
994,4,0
994,5,0
994,6,0
994,7,0
995,0,0
995,1,0
995,2,0
995,3,0
995,4,0
995,5,0
995,6,0
995,7,0
996,0,0
996,1,0
996,2,1
996,3,0
996,4,0
996,5,0
996,6,0
996,7,0
997,0,0
997,1,0
997,2,0
997,3,0
997,4,0
997,5,0
997,6,0
997,7,0
998,0,0
998,1,0
998,2,0
998,3,0
998,4,0
998,5,0
998,6,0
998,7,0
999,0,0
999,1,0
999,2,0
999,3,0
999,4,0
999,5,0
999,6,0
999,7,0
1000,0,0
1000,1,0
1000,2,0
1000,3,0
1000,4,0
1000,5,0
1000,6,0
1000,7,0
