sample,entry,value
0,0,0.9869780399279989
0,1,0.01302196007200107
1,0,0.9984542531253613
1,1,0.0015457468746387093
2,0,0.9991852650450187
2,1,8.147349549812496E-4
3,0,0.9750721999561227
3,1,0.02492780004387724
4,0,0.9740058344043561
4,1,0.025994165595643937
5,0,0.9987768366940061
5,1,0.0012231633059939467
6,0,0.9930986565030938
6,1,0.006901343496906187
7,0,0.8535805501288769
7,1,0.1464194498711231
8,0,0.866384840778857
8,1,0.13361515922114292
9,0,0.8127070279602027
9,1,0.18729297203979733
10,0,0.8178849461520447
10,1,0.18211505384795534
11,0,0.8018229513973678
11,1,0.19817704860263222
12,0,0.7833283466456816
12,1,0.2166716533543184
13,0,0.7327546149793762
13,1,0.2672453850206238
14,0,0.749532701236857
14,1,0.250467298763143
15,0,0.7452545492226262
15,1,0.25474545077737376
16,0,0.7096594947611358
16,1,0.29034050523886423
17,0,0.7401239363394259
17,1,0.25987606366057414
18,0,0.6507808411076276
18,1,0.3492191588923724
19,0,0.7176332210094701
19,1,0.28236677899052987
20,0,0.6813547184351191
20,1,0.3186452815648809
21,0,0.7346570736110309
21,1,0.26534292638896906
22,0,0.68674535890153
22,1,0.31325464109847
23,0,0.669273780409585
23,1,0.33072621959041504
24,0,0.6787895865422123
24,1,0.32121041345778767
25,0,0.6790798571621967
25,1,0.32092014283780335
26,0,0.6901035055951467
26,1,0.30989649440485334
27,0,0.604039707162093
27,1,0.395960292837907
28,0,0.6177645877891329
28,1,0.3822354122108671
29,0,0.5443225949979585
29,1,0.45567740500204146
30,0,0.6245588731250772
30,1,0.3754411268749228
31,0,0.5392886738349449
31,1,0.46071132616505506
32,0,0.6443892522597661
32,1,0.35561074774023393
33,0,0.6239339380182854
33,1,0.37606606198171455
34,0,0.6283784534418856
34,1,0.3716215465581144
35,0,0.6499865408261342
35,1,0.35001345917386584
36,0,0.6398432315808052
36,1,0.36015676841919475
37,0,0.6292567747686482
37,1,0.37074322523135184
38,0,0.6627924162651824
38,1,0.33720758373481763
39,0,0.6253200647785991
39,1,0.37467993522140086
40,0,0.6460262426219067
40,1,0.35397375737809333
41,0,0.6403055908099109
41,1,0.35969440919008916
42,0,0.7226800978201177
42,1,0.27731990217988234
43,0,0.6484873638333486
43,1,0.3515126361666514
44,0,0.7175216389841641
44,1,0.2824783610158359
45,0,0.7219813096238903
45,1,0.2780186903761097
46,0,0.6372942481620196
46,1,0.3627057518379804
47,0,0.6442642086609516
47,1,0.3557357913390484
48,0,0.6773727940292847
48,1,0.32262720597071526
49,0,0.6882355086980665
49,1,0.3117644913019335
50,0,0.6964617420961139
50,1,0.3035382579038861
51,0,0.6665919148052
51,1,0.33340808519480003
52,0,0.6281192026124709
52,1,0.3718807973875291
53,0,0.6228265336108002
53,1,0.3771734663891998
54,0,0.6837448252592169
54,1,0.31625517474078313
55,0,0.7269606352676705
55,1,0.2730393647323295
56,0,0.6900257085978361
56,1,0.3099742914021639
57,0,0.6865567517635685
57,1,0.31344324823643155
58,0,0.6275189536438719
58,1,0.3724810463561281
59,0,0.7340379728813382
59,1,0.2659620271186618
60,0,0.6998843371036628
60,1,0.3001156628963372
61,0,0.627900335405461
61,1,0.372099664594539
62,0,0.6723611850103792
62,1,0.3276388149896208
63,0,0.6776894106862942
63,1,0.3223105893137058
64,0,0.6440810880250547
64,1,0.3559189119749453
65,0,0.6748291727865883
65,1,0.32517082721341173
66,0,0.6505695496440778
66,1,0.34943045035592224
67,0,0.6757852583624333
67,1,0.3242147416375667
68,0,0.6406296103763885
68,1,0.35937038962361145
69,0,0.6887610180978967
69,1,0.3112389819021033
70,0,0.7309316029684346
70,1,0.2690683970315654
71,0,0.6722769953474765
71,1,0.32772300465252346
72,0,0.7229409928299952
72,1,0.27705900717000476
73,0,0.7201218141056882
73,1,0.2798781858943118
74,0,0.6597080413918965
74,1,0.34029195860810346
75,0,0.6206467004641537
75,1,0.3793532995358463
76,0,0.5801630673826199
76,1,0.41983693261738014
77,0,0.6828532282314749
77,1,0.3171467717685251
78,0,0.6561805263533191
78,1,0.34381947364668086
79,0,0.3868096265729811
79,1,0.6131903734270189
80,0,0.4130711588615484
80,1,0.5869288411384517
81,0,0.6251503451655591
81,1,0.3748496548344409
82,0,0.6847767794983751
82,1,0.3152232205016249
83,0,0.6198477371960771
83,1,0.38015226280392284
84,0,0.6959025775354856
84,1,0.30409742246451443
85,0,0.42822897620196143
85,1,0.5717710237980386
86,0,0.4840141057706542
86,1,0.5159858942293458
87,0,0.4622742163728933
87,1,0.5377257836271068
88,0,0.4485950133368509
88,1,0.5514049866631491
89,0,0.6382767073911167
89,1,0.36172329260888325
90,0,0.6420578836017845
90,1,0.3579421163982155
91,0,0.6270317915743127
91,1,0.3729682084256874
92,0,0.5628921330959863
92,1,0.4371078669040137
93,0,0.600340925172222
93,1,0.399659074827778
94,0,0.595241457454501
94,1,0.40475854254549903
95,0,0.4279200312366258
95,1,0.5720799687633742
96,0,0.39358526753903733
96,1,0.6064147324609627
97,0,0.3608562402721218
97,1,0.6391437597278782
98,0,0.3598425900247414
98,1,0.6401574099752586
99,0,0.33311607003799515
99,1,0.6668839299620049
100,0,0.3400701323703976
100,1,0.6599298676296024
101,0,0.358635935659366
101,1,0.641364064340634
102,0,0.3643130409364911
102,1,0.6356869590635089
103,0,0.41406516574465435
103,1,0.5859348342553456
104,0,0.3923194238618002
104,1,0.6076805761381998
105,0,0.35532974939389
105,1,0.6446702506061099
106,0,0.37066283628129804
106,1,0.629337163718702
107,0,0.34746662276994644
107,1,0.6525333772300536
108,0,0.38777548274533924
108,1,0.6122245172546608
109,0,0.6468776952864284
109,1,0.35312230471357164
110,0,0.6762197936493335
110,1,0.32378020635066657
111,0,0.6448322782473173
111,1,0.3551677217526828
112,0,0.7209002334966208
112,1,0.2790997665033792
113,0,0.6067441366640034
113,1,0.39325586333599666
114,0,0.6052210518885267
114,1,0.3947789481114733
115,0,0.402450418053822
115,1,0.597549581946178
116,0,0.3558856133327939
116,1,0.6441143866672061
117,0,0.3422343606843412
117,1,0.6577656393156588
118,0,0.3702837545373876
118,1,0.6297162454626124
119,0,0.6065655971501863
119,1,0.3934344028498137
120,0,0.633402055845568
120,1,0.36659794415443203
121,0,0.26507662978125857
121,1,0.7349233702187414
122,0,0.26870585361060684
122,1,0.7312941463893932
123,0,0.2852427678790692
123,1,0.7147572321209308
124,0,0.320200582292294
124,1,0.679799417707706
125,0,0.6547619045484571
125,1,0.34523809545154294
126,0,0.6736255329493803
126,1,0.3263744670506196
127,0,0.6222643437847124
127,1,0.3777356562152876
128,0,0.6555581122843288
128,1,0.3444418877156712
129,0,0.38491393818339337
129,1,0.6150860618166066
130,0,0.3742623345780777
130,1,0.6257376654219222
131,0,0.5309043266368765
131,1,0.4690956733631235
132,0,0.5913874186041918
132,1,0.40861258139580825
133,0,0.6308964783843916
133,1,0.3691035216156084
134,0,0.6494045227055176
134,1,0.3505954772944823
135,0,0.28408863164659137
135,1,0.7159113683534086
136,0,0.34883629151218365
136,1,0.6511637084878164
137,0,0.3478422640019524
137,1,0.6521577359980476
138,0,0.36556657429668765
138,1,0.6344334257033124
139,0,0.38099203985508817
139,1,0.6190079601449119
140,0,0.32104786607088576
140,1,0.6789521339291142
141,0,0.6714581636466196
141,1,0.3285418363533804
142,0,0.6857236465019435
142,1,0.3142763534980565
143,0,0.7249207368166006
143,1,0.27507926318339937
144,0,0.6250751191916895
144,1,0.37492488080831055
145,0,0.3392635869750775
145,1,0.6607364130249225
146,0,0.26502775222226527
146,1,0.7349722477777347
147,0,0.6730703870047758
147,1,0.3269296129952242
148,0,0.6700472791981762
148,1,0.3299527208018238
149,0,0.34991717301366254
149,1,0.6500828269863375
150,0,0.36510715147299944
150,1,0.6348928485270006
151,0,0.6564836529886594
151,1,0.3435163470113406
152,0,0.552766439883183
152,1,0.44723356011681703
153,0,0.6453152618389064
153,1,0.3546847381610935
154,0,0.6037340102597367
154,1,0.3962659897402633
155,0,0.5056090120617578
155,1,0.49439098793824227
156,0,0.5544350001096973
156,1,0.44556499989030274
157,0,0.48616857573477656
157,1,0.5138314242652234
158,0,0.4650589265756901
158,1,0.5349410734243099
159,0,0.5426896415585483
159,1,0.4573103584414518
160,0,0.6482163238364029
160,1,0.35178367616359707
161,0,0.5858392635010917
161,1,0.4141607364989083
162,0,0.6859592976101501
162,1,0.3140407023898499
163,0,0.6114300403366282
163,1,0.3885699596633718
164,0,0.6115370192792398
164,1,0.38846298072076024
165,0,0.6408387754271421
165,1,0.35916122457285793
166,0,0.6564222721462729
166,1,0.3435777278537271
167,0,0.6551999413695875
167,1,0.3448000586304126
168,0,0.6231746373671488
168,1,0.37682536263285116
169,0,0.6413367305210029
169,1,0.35866326947899707
170,0,0.5866327099335531
170,1,0.41336729006644685
171,0,0.5846715548044676
171,1,0.41532844519553236
172,0,0.5804824846302176
172,1,0.41951751536978243
173,0,0.6335563666407151
173,1,0.36644363335928487
174,0,0.6019837587418911
174,1,0.39801624125810886
175,0,0.5559443728164202
175,1,0.4440556271835798
176,0,0.5711552180433006
176,1,0.4288447819566994
177,0,0.580022766005348
177,1,0.41997723399465203
178,0,0.49805866493444606
178,1,0.5019413350655539
179,0,0.6000234830025329
179,1,0.39997651699746706
180,0,0.5754192719952644
180,1,0.4245807280047355
181,0,0.568612029091014
181,1,0.43138797090898595
182,0,0.5300522580720628
182,1,0.4699477419279372
183,0,0.638685665773794
183,1,0.36131433422620596
184,0,0.5840134980937666
184,1,0.41598650190623343
185,0,0.607574253018868
185,1,0.392425746981132
186,0,0.5634153052678539
186,1,0.4365846947321461
187,0,0.5715199931964818
187,1,0.42848000680351817
188,0,0.5972518617064251
188,1,0.4027481382935749
189,0,0.5715888783291233
189,1,0.4284111216708767
190,0,0.6167773642013666
190,1,0.38322263579863336
191,0,0.5992045071455938
191,1,0.4007954928544062
192,0,0.6008345320793633
192,1,0.3991654679206367
193,0,0.5331657921820538
193,1,0.4668342078179462
194,0,0.522483939711717
194,1,0.477516060288283
195,0,0.5140226657493187
195,1,0.48597733425068135
196,0,0.5728520816813252
196,1,0.4271479183186748
197,0,0.5476137800894377
197,1,0.45238621991056227
198,0,0.5268692431018405
198,1,0.47313075689815953
199,0,0.5333764721454651
199,1,0.46662352785453487
200,0,0.5712228673329645
200,1,0.42877713266703554
201,0,0.46311153553084955
201,1,0.5368884644691505
202,0,0.49015957491979645
202,1,0.5098404250802036
203,0,0.5244552374268786
203,1,0.4755447625731214
204,0,0.4851515508462888
204,1,0.5148484491537112
205,0,0.4957220309172081
205,1,0.5042779690827919
206,0,0.48785426778660157
206,1,0.5121457322133984
207,0,0.4552747091205256
207,1,0.5447252908794744
208,0,0.4746579472711342
208,1,0.5253420527288658
209,0,0.4988596070860024
209,1,0.5011403929139976
210,0,0.5111743020216735
210,1,0.48882569797832653
211,0,0.4765102729835483
211,1,0.5234897270164517
212,0,0.45314142550053305
212,1,0.546858574499467
213,0,0.4969014503133244
213,1,0.5030985496866756
214,0,0.4260773080636464
214,1,0.5739226919363536
215,0,0.4455415875355593
215,1,0.5544584124644407
216,0,0.40635681323967054
216,1,0.5936431867603295
217,0,0.48730241779572997
217,1,0.5126975822042701
218,0,0.5516101112514458
218,1,0.44838988874855423
219,0,0.4026447285545711
219,1,0.5973552714454289
220,0,0.35566729851066453
220,1,0.6443327014893354
221,0,0.44057125600852143
221,1,0.5594287439914786
222,0,0.42612936570544446
222,1,0.5738706342945555
223,0,0.4790873221592411
223,1,0.5209126778407589
224,0,0.48296978818231573
224,1,0.5170302118176843
225,0,0.4251904609223882
225,1,0.5748095390776118
226,0,0.45826866742124817
226,1,0.5417313325787518
227,0,0.5031692738194684
227,1,0.4968307261805316
228,0,0.43403725968738166
228,1,0.5659627403126184
229,0,0.4105364857257747
229,1,0.5894635142742253
230,0,0.461041333362492
230,1,0.538958666637508
231,0,0.4631834287000882
231,1,0.5368165712999118
232,0,0.4823905229868732
232,1,0.5176094770131268
233,0,0.45433505291271187
233,1,0.5456649470872881
234,0,0.33182998379914275
234,1,0.6681700162008573
235,0,0.35752464846237864
235,1,0.6424753515376214
236,0,0.49729294510174576
236,1,0.5027070548982542
237,0,0.6360762924797722
237,1,0.36392370752022785
238,0,0.6297061127674407
238,1,0.3702938872325593
239,0,0.49269533658088116
239,1,0.5073046634191188
240,0,0.483733894464316
240,1,0.516266105535684
241,0,0.49969293952401883
241,1,0.5003070604759812
242,0,0.392767287441145
242,1,0.607232712558855
243,0,0.522118272909116
243,1,0.47788172709088395
244,0,0.5503425832294175
244,1,0.44965741677058246
245,0,0.5012590583436778
245,1,0.4987409416563222
246,0,0.5550175793478654
246,1,0.44498242065213456
247,0,0.5664972042048808
247,1,0.43350279579511913
248,0,0.5251976434153118
248,1,0.47480235658468817
249,0,0.4999308455329139
249,1,0.5000691544670861
250,0,0.4835165262864747
250,1,0.5164834737135253
251,0,0.49227906712946884
251,1,0.5077209328705312
252,0,0.4494956277785649
252,1,0.5505043722214351
253,0,0.5080403911227922
253,1,0.4919596088772078
254,0,0.5232458198303527
254,1,0.4767541801696473
255,0,0.5974620324742987
255,1,0.40253796752570126
256,0,0.6016731892252483
256,1,0.39832681077475174
257,0,0.5454119304530386
257,1,0.4545880695469614
258,0,0.5706302327449149
258,1,0.42936976725508513
259,0,0.5530230228785771
259,1,0.4469769771214229
260,0,0.5815452289117407
260,1,0.4184547710882594
261,0,0.5365799324762914
261,1,0.46342006752370857
262,0,0.5156582652676376
262,1,0.48434173473236236
263,0,0.5819607629418883
263,1,0.41803923705811175
264,0,0.600913385781365
264,1,0.399086614218635
265,0,0.6197586012658712
265,1,0.38024139873412877
266,0,0.6190793020554239
266,1,0.38092069794457606
267,0,0.6847956972446392
267,1,0.3152043027553608
268,0,0.6800569927934975
268,1,0.3199430072065025
269,0,0.6164212581961044
269,1,0.3835787418038956
270,0,0.637388997115875
270,1,0.36261100288412496
271,0,0.6212894772339781
271,1,0.3787105227660219
272,0,0.6901050626398606
272,1,0.3098949373601394
273,0,0.6458063313223572
273,1,0.3541936686776428
274,0,0.6834982673585193
274,1,0.31650173264148074
275,0,0.6309316954337868
275,1,0.3690683045662132
276,0,0.597872819684205
276,1,0.402127180315795
277,0,0.6264118905240554
277,1,0.37358810947594456
278,0,0.6385248503546892
278,1,0.36147514964531086
279,0,0.632629395815016
279,1,0.3673706041849841
280,0,0.5826888584078473
280,1,0.41731114159215266
281,0,0.4986180543951543
281,1,0.5013819456048457
282,0,0.5309637255380024
282,1,0.4690362744619976
283,0,0.5923900630143937
283,1,0.4076099369856063
284,0,0.5542723454543713
284,1,0.4457276545456287
285,0,0.6242469261865518
285,1,0.3757530738134483
286,0,0.5605093916765054
286,1,0.4394906083234946
287,0,0.592141351055878
287,1,0.40785864894412205
288,0,0.6179495712012372
288,1,0.38205042879876283
289,0,0.6307242421347871
289,1,0.36927575786521294
290,0,0.5961897279781606
290,1,0.4038102720218394
291,0,0.7022342180371044
291,1,0.2977657819628956
292,0,0.7182082106964248
292,1,0.2817917893035752
293,0,0.6097907617552929
293,1,0.3902092382447071
294,0,0.6667651549524636
294,1,0.3332348450475364
295,0,0.6702592057335923
295,1,0.3297407942664077
296,0,0.6068690913044978
296,1,0.39313090869550216
297,0,0.5796438544878066
297,1,0.42035614551219336
298,0,0.5911672153099681
298,1,0.4088327846900319
299,0,0.6139932993421475
299,1,0.3860067006578525
300,0,0.5822355557703893
300,1,0.41776444422961073
301,0,0.6041201125508616
301,1,0.3958798874491384
302,0,0.6250312501281678
302,1,0.37496874987183215
303,0,0.5755326316878002
303,1,0.4244673683121998
304,0,0.5390310884201609
304,1,0.4609689115798391
305,0,0.6068353457143001
305,1,0.39316465428569985
306,0,0.6529057321093518
306,1,0.34709426789064823
307,0,0.6499672946239874
307,1,0.35003270537601266
308,0,0.6897963187505458
308,1,0.3102036812494542
309,0,0.6233199137856942
309,1,0.37668008621430576
310,0,0.6364121480369676
310,1,0.36358785196303245
311,0,0.6439154291270872
311,1,0.35608457087291273
312,0,0.649203760369852
312,1,0.35079623963014805
313,0,0.6586214144230487
313,1,0.34137858557695133
314,0,0.6507947737998255
314,1,0.34920522620017447
315,0,0.628592246476667
315,1,0.371407753523333
316,0,0.6205656188398487
316,1,0.3794343811601512
317,0,0.6548130777757191
317,1,0.34518692222428093
318,0,0.6671354779402009
318,1,0.3328645220597991
319,0,0.6641688601364109
319,1,0.33583113986358915
320,0,0.6677511007925854
320,1,0.3322488992074146
321,0,0.6472968450091792
321,1,0.3527031549908208
322,0,0.6703946688181934
322,1,0.32960533118180657
323,0,0.6321817865569513
323,1,0.36781821344304866
324,0,0.7193563569873406
324,1,0.2806436430126594
325,0,0.7031299186937621
325,1,0.29687008130623793
326,0,0.7217163862252212
326,1,0.27828361377477884
327,0,0.6333300628019747
327,1,0.3666699371980253
328,0,0.582418421933832
328,1,0.417581578066168
329,0,0.5758406734693069
329,1,0.4241593265306931
330,0,0.5842241273001997
330,1,0.4157758726998003
331,0,0.5933247950071119
331,1,0.4066752049928882
332,0,0.6633588380971329
332,1,0.3366411619028671
333,0,0.6544016241932733
333,1,0.3455983758067267
334,0,0.6438278153246362
334,1,0.3561721846753638
335,0,0.6639746533609687
335,1,0.3360253466390313
336,0,0.607620711003128
336,1,0.392379288996872
337,0,0.5603760673205739
337,1,0.4396239326794261
338,0,0.5194904603547845
338,1,0.4805095396452155
339,0,0.5239183234686479
339,1,0.47608167653135214
340,0,0.5535032509231399
340,1,0.4464967490768601
341,0,0.5413686435306868
341,1,0.45863135646931324
342,0,0.5465245306286749
342,1,0.4534754693713251
343,0,0.5807841643437232
343,1,0.41921583565627685
344,0,0.6422416477985458
344,1,0.35775835220145424
345,0,0.6121614268375242
345,1,0.38783857316247583
346,0,0.6252779228527667
346,1,0.37472207714723327
347,0,0.6262263010539526
347,1,0.37377369894604745
348,0,0.6704500481877422
348,1,0.32954995181225777
349,0,0.5933517632810587
349,1,0.40664823671894135
350,0,0.6591757512195439
350,1,0.34082424878045614
351,0,0.6821857149667224
351,1,0.3178142850332776
352,0,0.6547388608106192
352,1,0.34526113918938084
353,0,0.6793092711693164
353,1,0.3206907288306836
354,0,0.6331886231209822
354,1,0.36681137687901777
355,0,0.6356956355840452
355,1,0.3643043644159548
356,0,0.6161955257471425
356,1,0.38380447425285746
357,0,0.6612783717766102
357,1,0.3387216282233898
358,0,0.6147762565996728
358,1,0.3852237434003271
359,0,0.6317266232877117
359,1,0.3682733767122883
360,0,0.6617287338768509
360,1,0.33827126612314906
361,0,0.6180269277098162
361,1,0.38197307229018385
362,0,0.6642424488674421
362,1,0.3357575511325579
363,0,0.6321426576653753
363,1,0.3678573423346248
364,0,0.6162965745285025
364,1,0.3837034254714975
365,0,0.6645787183899399
365,1,0.33542128161006013
366,0,0.6201376209564422
366,1,0.37986237904355785
367,0,0.6470732891314503
367,1,0.35292671086854965
368,0,0.5785914956602113
368,1,0.4214085043397887
369,0,0.6152020313692277
369,1,0.38479796863077226
370,0,0.5776695790471127
370,1,0.4223304209528873
371,0,0.6500788953701038
371,1,0.34992110462989623
372,0,0.6109734102365911
372,1,0.3890265897634088
373,0,0.6266139195840368
373,1,0.37338608041596316
374,0,0.6164035622526814
374,1,0.38359643774731855
375,0,0.582386963275427
375,1,0.4176130367245729
376,0,0.6339358304706719
376,1,0.3660641695293281
377,0,0.6540637951517199
377,1,0.34593620484828014
378,0,0.6837155220132806
378,1,0.31628447798671944
379,0,0.6638294200905657
379,1,0.3361705799094344
380,0,0.6857566032598132
380,1,0.31424339674018675
381,0,0.681169494735195
381,1,0.31883050526480505
382,0,0.717870622912427
382,1,0.28212937708757296
383,0,0.68117331507413
383,1,0.31882668492586996
384,0,0.5996772585745278
384,1,0.4003227414254722
385,0,0.6512303589908349
385,1,0.3487696410091651
386,0,0.6729848327602622
386,1,0.3270151672397378
387,0,0.7379816819174854
387,1,0.26201831808251463
388,0,0.6933597731056537
388,1,0.30664022689434633
389,0,0.668768520881913
389,1,0.331231479118087
390,0,0.5996232666229233
390,1,0.4003767333770767
391,0,0.5327946583349243
391,1,0.46720534166507566
392,0,0.5522879205817298
392,1,0.4477120794182702
393,0,0.6512055104813523
393,1,0.34879448951864767
394,0,0.6590277749031492
394,1,0.3409722250968507
395,0,0.663839745190397
395,1,0.33616025480960304
396,0,0.6396988214642509
396,1,0.3603011785357491
397,0,0.5969464225031536
397,1,0.40305357749684645
398,0,0.6467965731593528
398,1,0.3532034268406472
399,0,0.5211662747756057
399,1,0.47883372522439427
400,0,0.49761588602670637
400,1,0.5023841139732936
401,0,0.5319681467230855
401,1,0.46803185327691454
402,0,0.498814360689658
402,1,0.501185639310342
403,0,0.4840977898090909
403,1,0.5159022101909091
404,0,0.5061361912412526
404,1,0.49386380875874736
405,0,0.4733269296808491
405,1,0.5266730703191509
406,0,0.45145163408048883
406,1,0.5485483659195112
407,0,0.507270606010471
407,1,0.4927293939895289
408,0,0.5245810821293708
408,1,0.4754189178706292
409,0,0.5786417868552642
409,1,0.42135821314473576
410,0,0.5271530945913541
410,1,0.47284690540864593
411,0,0.6228964711452064
411,1,0.3771035288547936
412,0,0.5347509067814687
412,1,0.46524909321853125
413,0,0.5888858561222752
413,1,0.4111141438777249
414,0,0.6534570519388669
414,1,0.34654294806113306
415,0,0.6609302882704027
415,1,0.3390697117295973
416,0,0.6885176507992938
416,1,0.31148234920070617
417,0,0.6402639619591195
417,1,0.3597360380408805
418,0,0.5995181024519756
418,1,0.40048189754802443
419,0,0.585669523370125
419,1,0.414330476629875
420,0,0.6110251000158551
420,1,0.3889748999841449
421,0,0.6245913441750284
421,1,0.3754086558249716
422,0,0.5782704329794526
422,1,0.42172956702054737
423,0,0.6122854070671335
423,1,0.3877145929328664
424,0,0.591500000996164
424,1,0.4084999990038361
425,0,0.639260334922161
425,1,0.36073966507783894
426,0,0.5810681827036803
426,1,0.4189318172963197
427,0,0.7032401433605734
427,1,0.2967598566394266
428,0,0.6045035769959208
428,1,0.3954964230040792
429,0,0.649842588579491
429,1,0.35015741142050905
430,0,0.6430026685109977
430,1,0.3569973314890023
431,0,0.6720633265286327
431,1,0.3279366734713673
432,0,0.617916195831796
432,1,0.382083804168204
433,0,0.6093847016653309
433,1,0.3906152983346691
434,0,0.5869719716819614
434,1,0.41302802831803864
435,0,0.6069131940885092
435,1,0.3930868059114908
436,0,0.6234970499265566
436,1,0.37650295007344337
437,0,0.6354753819697161
437,1,0.36452461803028396
438,0,0.6504180651789797
438,1,0.3495819348210203
439,0,0.6184312927635187
439,1,0.3815687072364813
440,0,0.6556793030272031
440,1,0.3443206969727969
441,0,0.6401508244124665
441,1,0.35984917558753343
442,0,0.5835905028715076
442,1,0.4164094971284924
443,0,0.6049754462015041
443,1,0.3950245537984959
444,0,0.6002756896084631
444,1,0.3997243103915369
445,0,0.6394784676357996
445,1,0.36052153236420037
446,0,0.6472292841105803
446,1,0.35277071588941966
447,0,0.6276821473921249
447,1,0.3723178526078751
448,0,0.6081589011268105
448,1,0.39184109887318946
449,0,0.5805115440977818
449,1,0.41948845590221817
450,0,0.6104434761440127
450,1,0.38955652385598727
451,0,0.5771178686845919
451,1,0.4228821313154081
452,0,0.5779145971210499
452,1,0.42208540287895013
453,0,0.6004581641707816
453,1,0.39954183582921843
454,0,0.5956601655389866
454,1,0.4043398344610134
455,0,0.5974392094399166
455,1,0.4025607905600834
456,0,0.5853582802423087
456,1,0.41464171975769126
457,0,0.5806396558656156
457,1,0.4193603441343844
458,0,0.5253594826834921
458,1,0.4746405173165079
459,0,0.576714236535999
459,1,0.42328576346400104
460,0,0.6424087326833496
460,1,0.3575912673166503
461,0,0.6360292464768061
461,1,0.36397075352319386
462,0,0.614711974889365
462,1,0.385288025110635
463,0,0.5645234253825588
463,1,0.43547657461744116
464,0,0.6021913457453449
464,1,0.39780865425465506
465,0,0.5573298295320107
465,1,0.4426701704679893
466,0,0.5222331606676259
466,1,0.47776683933237407
467,0,0.5403621454904032
467,1,0.4596378545095968
468,0,0.5458311164756959
468,1,0.454168883524304
469,0,0.6097504061528892
469,1,0.3902495938471108
470,0,0.6079153878160828
470,1,0.39208461218391716
471,0,0.6277890329971311
471,1,0.37221096700286893
472,0,0.5749990566660672
472,1,0.42500094333393285
473,0,0.6009016086132409
473,1,0.39909839138675907
474,0,0.539662259737674
474,1,0.460337740262326
475,0,0.5414921237035046
475,1,0.4585078762964953
476,0,0.5685872041655735
476,1,0.4314127958344265
477,0,0.5651842669737441
477,1,0.43481573302625587
478,0,0.5824927464342946
478,1,0.41750725356570534
479,0,0.5331933985975441
479,1,0.4668066014024559
480,0,0.5115939621268067
480,1,0.48840603787319326
481,0,0.5166266626831317
481,1,0.48337333731686827
482,0,0.5608916892421213
482,1,0.4391083107578787
483,0,0.4529815686842219
483,1,0.5470184313157781
484,0,0.5971264082478938
484,1,0.40287359175210624
485,0,0.580264033414625
485,1,0.41973596658537504
486,0,0.5414060370332051
486,1,0.4585939629667949
487,0,0.5844005566206494
487,1,0.41559944337935056
488,0,0.5486088392832785
488,1,0.4513911607167215
489,0,0.6298885693103848
489,1,0.37011143068961516
490,0,0.5710778699274643
490,1,0.4289221300725356
491,0,0.5798293996224877
491,1,0.4201706003775123
492,0,0.5365727682705799
492,1,0.46342723172942013
493,0,0.5455436811559307
493,1,0.45445631884406934
494,0,0.5375647566127049
494,1,0.4624352433872951
495,0,0.5507414976101839
495,1,0.44925850238981613
496,0,0.5001956275238886
496,1,0.4998043724761114
497,0,0.5415245171416524
497,1,0.4584754828583476
498,0,0.6464507502581569
498,1,0.3535492497418431
499,0,0.6479561425220739
499,1,0.35204385747792605
500,0,0.6396992537196706
500,1,0.3603007462803294
501,0,0.6397816007830986
501,1,0.36021839921690135
502,0,0.5914259223990075
502,1,0.4085740776009925
503,0,0.6200249687274338
503,1,0.37997503127256615
504,0,0.6192319541182978
504,1,0.3807680458817022
505,0,0.6608983577756935
505,1,0.33910164222430655
506,0,0.5537867905694721
506,1,0.4462132094305279
507,0,0.6789117095932837
507,1,0.32108829040671627
508,0,0.6214721843914177
508,1,0.3785278156085823
509,0,0.6990874140716561
509,1,0.30091258592834397
510,0,0.7038144367830641
510,1,0.29618556321693584
511,0,0.49694749860735843
511,1,0.5030525013926416
512,0,0.5132765591850863
512,1,0.48672344081491364
513,0,0.7093819278823124
513,1,0.2906180721176876
514,0,0.759854427724421
514,1,0.24014557227557898
515,0,0.7009814768673032
515,1,0.29901852313269683
516,0,0.6866059345861177
516,1,0.31339406541388226
517,0,0.6648825716226445
517,1,0.3351174283773555
518,0,0.6118819422489454
518,1,0.38811805775105457
519,0,0.6131282826270625
519,1,0.38687171737293746
520,0,0.5991542246413228
520,1,0.40084577535867716
521,0,0.6161985063684541
521,1,0.383801493631546
522,0,0.6444636643431384
522,1,0.3555363356568616
523,0,0.5644056685809977
523,1,0.4355943314190022
524,0,0.5383461566985874
524,1,0.46165384330141257
525,0,0.5253490478540138
525,1,0.4746509521459862
526,0,0.5701161477356568
526,1,0.4298838522643432
527,0,0.5774936582528635
527,1,0.4225063417471365
528,0,0.5221078616866559
528,1,0.4778921383133441
529,0,0.5942083665482212
529,1,0.4057916334517788
530,0,0.4849333313448185
530,1,0.5150666686551815
531,0,0.44529459971212293
531,1,0.5547054002878771
532,0,0.5395050432364634
532,1,0.46049495676353663
533,0,0.5288863023599547
533,1,0.4711136976400453
534,0,0.5260684301699893
534,1,0.4739315698300107
535,0,0.6058563191894403
535,1,0.3941436808105597
536,0,0.5618790114259549
536,1,0.43812098857404513
537,0,0.5303852183162895
537,1,0.4696147816837105
538,0,0.6211804855410646
538,1,0.37881951445893536
539,0,0.650975023268585
539,1,0.34902497673141497
540,0,0.6026623770083384
540,1,0.39733762299166164
541,0,0.5431711819884948
541,1,0.4568288180115052
542,0,0.5637834078389945
542,1,0.4362165921610055
543,0,0.5827999079581717
543,1,0.4172000920418283
544,0,0.5263066891817767
544,1,0.4736933108182233
545,0,0.5370142826384648
545,1,0.46298571736153515
546,0,0.579093261482952
546,1,0.4209067385170479
547,0,0.6248305741797783
547,1,0.3751694258202217
548,0,0.6208105562211517
548,1,0.37918944377884833
549,0,0.6279911406741298
549,1,0.37200885932587024
550,0,0.5818233049740331
550,1,0.4181766950259669
551,0,0.5835956638786662
551,1,0.41640433612133376
552,0,0.5580388284103863
552,1,0.4419611715896137
553,0,0.4477013699735872
553,1,0.5522986300264128
554,0,0.47285494854069066
554,1,0.5271450514593093
555,0,0.49986848197489187
555,1,0.5001315180251081
556,0,0.4660862523317807
556,1,0.5339137476682193
557,0,0.4702545750590673
557,1,0.5297454249409327
558,0,0.4813609589139899
558,1,0.5186390410860101
559,0,0.5903718699529685
559,1,0.4096281300470315
560,0,0.5839819809510828
560,1,0.4160180190489172
561,0,0.5738396698850765
561,1,0.4261603301149235
562,0,0.5691056133281487
562,1,0.4308943866718513
563,0,0.6247344770493788
563,1,0.3752655229506212
564,0,0.6138765149693188
564,1,0.3861234850306811
565,0,0.6350397625761897
565,1,0.36496023742381034
566,0,0.6582013382183938
566,1,0.34179866178160623
567,0,0.6147414642819307
567,1,0.38525853571806934
568,0,0.6813702507774939
568,1,0.31862974922250614
569,0,0.5893907864322736
569,1,0.4106092135677264
570,0,0.6002033635851494
570,1,0.39979663641485064
571,0,0.6071239626961911
571,1,0.392876037303809
572,0,0.6512918969936279
572,1,0.34870810300637217
573,0,0.6851919357866598
573,1,0.3148080642133402
574,0,0.631481413569943
574,1,0.36851858643005697
575,0,0.6393378740826634
575,1,0.3606621259173366
576,0,0.6331361082874687
576,1,0.3668638917125313
577,0,0.5893417142646943
577,1,0.4106582857353057
578,0,0.5622170521036014
578,1,0.4377829478963986
579,0,0.5998865527865904
579,1,0.4001134472134096
580,0,0.5261056298416034
580,1,0.47389437015839664
581,0,0.5777257877314942
581,1,0.4222742122685058
582,0,0.5439168704205822
582,1,0.45608312957941777
583,0,0.606329764236663
583,1,0.39367023576333704
584,0,0.5312508466994192
584,1,0.4687491533005807
585,0,0.6356566614185162
585,1,0.36434333858148377
586,0,0.5812029169640605
586,1,0.41879708303593954
587,0,0.58541587996687
587,1,0.41458412003313005
588,0,0.5410398420431195
588,1,0.4589601579568805
589,0,0.5990058237423583
589,1,0.40099417625764167
590,0,0.5690196590488135
590,1,0.4309803409511866
591,0,0.6587941809380238
591,1,0.3412058190619762
592,0,0.6302013615112176
592,1,0.36979863848878236
593,0,0.7247807881345897
593,1,0.2752192118654103
594,0,0.6453906610401614
594,1,0.35460933895983865
595,0,0.6464504984568051
595,1,0.35354950154319487
596,0,0.6259693996505923
596,1,0.3740306003494077
597,0,0.7487520146455846
597,1,0.25124798535441534
598,0,0.6450442443875772
598,1,0.3549557556124227
599,0,0.6239759125081418
599,1,0.3760240874918582
600,0,0.6289103752756333
600,1,0.37108962472436674
601,0,0.6156938421665824
601,1,0.3843061578334176
602,0,0.6608485773608599
602,1,0.3391514226391401
603,0,0.6540955057990882
603,1,0.34590449420091185
604,0,0.6677520603172477
604,1,0.33224793968275235
605,0,0.713917735036933
605,1,0.286082264963067
606,0,0.6983350801941293
606,1,0.3016649198058708
607,0,0.6489461434846906
607,1,0.35105385651530935
608,0,0.6613779439229972
608,1,0.3386220560770028
609,0,0.6064506371716809
609,1,0.3935493628283191
610,0,0.6707770234957906
610,1,0.3292229765042094
611,0,0.6177996356900437
611,1,0.3822003643099563
612,0,0.6167379520345968
612,1,0.3832620479654032
613,0,0.6296201515639819
613,1,0.3703798484360181
614,0,0.5972344565838916
614,1,0.4027655434161084
615,0,0.6008665819005851
615,1,0.39913341809941494
616,0,0.5416070357953505
616,1,0.4583929642046495
617,0,0.5340853529978067
617,1,0.4659146470021933
618,0,0.5805477198955622
618,1,0.41945228010443775
619,0,0.5763712193374618
619,1,0.4236287806625382
620,0,0.6320944847700223
620,1,0.36790551522997766
621,0,0.6141863896755693
621,1,0.38581361032443073
622,0,0.6275200979155906
622,1,0.3724799020844094
623,0,0.5836519749107528
623,1,0.4163480250892472
624,0,0.5884306022808389
624,1,0.4115693977191611
625,0,0.5875028685682614
625,1,0.4124971314317386
626,0,0.5987464877666709
626,1,0.40125351223332906
627,0,0.6532706030606252
627,1,0.34672939693937477
628,0,0.6287929566457265
628,1,0.37120704335427346
629,0,0.6585967123735714
629,1,0.3414032876264286
630,0,0.7192547183470235
630,1,0.2807452816529765
631,0,0.6299142933938277
631,1,0.37008570660617235
632,0,0.6375881481253487
632,1,0.36241185187465136
633,0,0.6773583885354737
633,1,0.3226416114645263
634,0,0.6109904886252276
634,1,0.38900951137477235
635,0,0.6388751756211929
635,1,0.3611248243788071
636,0,0.5906125772299224
636,1,0.40938742277007756
637,0,0.5554901202326609
637,1,0.44450987976733913
638,0,0.5401207350639305
638,1,0.45987926493606945
639,0,0.4318243424429743
639,1,0.5681756575570257
640,0,0.4066924638519188
640,1,0.5933075361480812
641,0,0.42707040638070604
641,1,0.572929593619294
642,0,0.4516095550583097
642,1,0.5483904449416903
643,0,0.6055147107743459
643,1,0.39448528922565407
644,0,0.5361828962378098
644,1,0.4638171037621902
645,0,0.5884947748749324
645,1,0.4115052251250676
646,0,0.5543046084083376
646,1,0.4456953915916624
647,0,0.5920604336695363
647,1,0.4079395663304637
648,0,0.5894948138628847
648,1,0.4105051861371153
649,0,0.5943061279009024
649,1,0.4056938720990976
650,0,0.5922582558444822
650,1,0.4077417441555178
651,0,0.5766514702852863
651,1,0.4233485297147137
652,0,0.5548790113611333
652,1,0.4451209886388667
653,0,0.5107617962157824
653,1,0.48923820378421756
654,0,0.47157250586148436
654,1,0.5284274941385156
655,0,0.3851871732140697
655,1,0.6148128267859303
656,0,0.3575477568726265
656,1,0.6424522431273735
657,0,0.34866943634242464
657,1,0.6513305636575754
658,0,0.3644228572972146
658,1,0.6355771427027854
659,0,0.3664495603017972
659,1,0.6335504396982028
660,0,0.43884330791244053
660,1,0.5611566920875595
661,0,0.4357406775744549
661,1,0.5642593224255451
662,0,0.444036878095207
662,1,0.555963121904793
663,0,0.4506185790302135
663,1,0.5493814209697865
664,0,0.5070033725002525
664,1,0.4929966274997475
665,0,0.5104685002723837
665,1,0.48953149972761634
666,0,0.3929887809090103
666,1,0.6070112190909898
667,0,0.46056189909152
667,1,0.53943810090848
668,0,0.39919272188168453
668,1,0.6008072781183155
669,0,0.4343097895912825
669,1,0.5656902104087175
670,0,0.3488977874968041
670,1,0.6511022125031959
671,0,0.6031102709597326
671,1,0.3968897290402674
672,0,0.5450108424288124
672,1,0.45498915757118763
673,0,0.40737882436305206
673,1,0.5926211756369479
674,0,0.3679124624486737
674,1,0.6320875375513263
675,0,0.4218258356725418
675,1,0.5781741643274583
676,0,0.4452466443616004
676,1,0.5547533556383997
677,0,0.5070696530224699
677,1,0.49293034697753013
678,0,0.49762678754586065
678,1,0.5023732124541394
679,0,0.5046986305762085
679,1,0.49530136942379155
680,0,0.4998900651229297
680,1,0.5001099348770703
681,0,0.5085403418414185
681,1,0.49145965815858145
682,0,0.4779664566033843
682,1,0.5220335433966157
683,0,0.5753600975635453
683,1,0.42463990243645466
684,0,0.5186021019043383
684,1,0.4813978980956617
685,0,0.5776120793790372
685,1,0.42238792062096275
686,0,0.5375412195001921
686,1,0.46245878049980793
687,0,0.5023612457191082
687,1,0.49763875428089177
688,0,0.4641559315573134
688,1,0.5358440684426866
689,0,0.39135388870044585
689,1,0.6086461112995541
690,0,0.48420221215009174
690,1,0.5157977878499083
691,0,0.417042560005231
691,1,0.582957439994769
692,0,0.4401430666817243
692,1,0.5598569333182757
693,0,0.45002040594043646
693,1,0.5499795940595635
694,0,0.498126205476078
694,1,0.501873794523922
695,0,0.4840541963443656
695,1,0.5159458036556344
696,0,0.4869699571704944
696,1,0.5130300428295056
697,0,0.4601869509693606
697,1,0.5398130490306394
698,0,0.49041792999643585
698,1,0.5095820700035641
699,0,0.41878797326688677
699,1,0.5812120267331132
700,0,0.38393514962472564
700,1,0.6160648503752744
701,0,0.4326507967294429
701,1,0.5673492032705572
702,0,0.4706273539308522
702,1,0.5293726460691478
703,0,0.5160947262276261
703,1,0.4839052737723739
704,0,0.4915063750858948
704,1,0.5084936249141052
705,0,0.5084196282325595
705,1,0.49158037176744057
706,0,0.4838985169221426
706,1,0.5161014830778574
707,0,0.4734562963627302
707,1,0.5265437036372698
708,0,0.46220800784835453
708,1,0.5377919921516454
709,0,0.4325057868522302
709,1,0.5674942131477698
710,0,0.4753315293659284
710,1,0.5246684706340716
711,0,0.44146838720493586
711,1,0.5585316127950641
712,0,0.45910955659649044
712,1,0.5408904434035096
713,0,0.46480303295255887
713,1,0.5351969670474411
714,0,0.48773019536199075
714,1,0.5122698046380092
715,0,0.47256318233864936
715,1,0.5274368176613506
716,0,0.560131659481879
716,1,0.43986834051812096
717,0,0.5507513636515988
717,1,0.4492486363484012
718,0,0.5588508324946388
718,1,0.44114916750536115
719,0,0.5044585350471144
719,1,0.49554146495288565
720,0,0.48009473605037634
720,1,0.5199052639496237
721,0,0.5093600840127098
721,1,0.4906399159872902
722,0,0.5066343063355971
722,1,0.4933656936644028
723,0,0.5567477206855673
723,1,0.4432522793144327
724,0,0.4704792008799481
724,1,0.5295207991200519
725,0,0.48997741960287705
725,1,0.510022580397123
726,0,0.5018914423732456
726,1,0.49810855762675443
727,0,0.5011266037138777
727,1,0.4988733962861222
728,0,0.46599827650891634
728,1,0.5340017234910837
729,0,0.39973850149186907
729,1,0.6002614985081309
730,0,0.45496260795837806
730,1,0.5450373920416219
731,0,0.4072716624493715
731,1,0.5927283375506285
732,0,0.37658467425548947
732,1,0.6234153257445105
733,0,0.3725961446127144
733,1,0.6274038553872856
734,0,0.39449587012777476
734,1,0.6055041298722252
735,0,0.37558579378512025
735,1,0.6244142062148798
736,0,0.4158392208117043
736,1,0.5841607791882957
737,0,0.4180220397202119
737,1,0.5819779602797881
738,0,0.3794662191843699
738,1,0.6205337808156302
739,0,0.3782800481282883
739,1,0.6217199518717117
740,0,0.32281499730480745
740,1,0.6771850026951926
741,0,0.32378360396464645
741,1,0.6762163960353536
742,0,0.3741735849330337
742,1,0.6258264150669663
743,0,0.37812565717703894
743,1,0.6218743428229611
744,0,0.36511953922004636
744,1,0.6348804607799536
745,0,0.3574487420977069
745,1,0.6425512579022932
746,0,0.41284067531445323
746,1,0.5871593246855468
747,0,0.4098893011074365
747,1,0.5901106988925635
748,0,0.3348929890405541
748,1,0.6651070109594459
749,0,0.3915844193949828
749,1,0.6084155806050172
750,0,0.33506803429105697
750,1,0.664931965708943
751,0,0.37120531964353276
751,1,0.6287946803564672
752,0,0.3978341820748771
752,1,0.6021658179251229
753,0,0.41607095875189726
753,1,0.5839290412481027
754,0,0.35439029800595856
754,1,0.6456097019940414
755,0,0.3185821523945052
755,1,0.6814178476054948
756,0,0.3658313752842548
756,1,0.6341686247157452
757,0,0.34813775912710365
757,1,0.6518622408728963
758,0,0.3526879861136048
758,1,0.6473120138863953
759,0,0.32791701863951195
759,1,0.672082981360488
760,0,0.364305006913504
760,1,0.635694993086496
761,0,0.38682395465545033
761,1,0.6131760453445496
762,0,0.43579359608668095
762,1,0.564206403913319
763,0,0.37552653355006493
763,1,0.6244734664499351
764,0,0.3900783621411238
764,1,0.6099216378588762
765,0,0.3603367088123184
765,1,0.6396632911876816
766,0,0.4046663180261978
766,1,0.5953336819738022
767,0,0.31952579238382783
767,1,0.6804742076161722
768,0,0.3144248698887422
768,1,0.6855751301112578
769,0,0.3110393605746481
769,1,0.6889606394253519
770,0,0.3366735697445775
770,1,0.6633264302554225
771,0,0.30937919318299795
771,1,0.6906208068170021
772,0,0.38888794156521844
772,1,0.6111120584347816
773,0,0.3055738972829568
773,1,0.6944261027170432
774,0,0.3124419295529185
774,1,0.6875580704470815
775,0,0.33975690799771935
775,1,0.6602430920022806
776,0,0.35120446178189924
776,1,0.6487955382181008
777,0,0.31530814136426893
777,1,0.6846918586357311
778,0,0.37211822173886394
778,1,0.6278817782611361
779,0,0.3997939411106297
779,1,0.6002060588893703
780,0,0.40097149159990064
780,1,0.5990285084000994
781,0,0.3558664266229761
781,1,0.6441335733770239
782,0,0.3258572934090814
782,1,0.6741427065909186
783,0,0.3737493437760284
783,1,0.6262506562239716
784,0,0.35587964681229867
784,1,0.6441203531877013
785,0,0.34549103786628244
785,1,0.6545089621337176
786,0,0.3574843124420881
786,1,0.6425156875579119
787,0,0.34517800820159283
787,1,0.6548219917984072
788,0,0.42887169124317914
788,1,0.5711283087568209
789,0,0.36477482053800525
789,1,0.6352251794619947
790,0,0.36257054535026434
790,1,0.6374294546497357
791,0,0.3662429816855496
791,1,0.6337570183144504
792,0,0.39019637039205846
792,1,0.6098036296079415
793,0,0.3919197167906612
793,1,0.6080802832093388
794,0,0.4604527707750121
794,1,0.5395472292249879
795,0,0.4493389866736607
795,1,0.5506610133263393
796,0,0.5172767648890534
796,1,0.4827232351109466
797,0,0.4558121122741655
797,1,0.5441878877258345
798,0,0.4706445290153809
798,1,0.5293554709846191
799,0,0.40732979874978803
799,1,0.592670201250212
800,0,0.4172943757364431
800,1,0.5827056242635569
801,0,0.4148373767579671
801,1,0.5851626232420328
802,0,0.44507337039666894
802,1,0.5549266296033311
803,0,0.4978973971049061
803,1,0.5021026028950939
804,0,0.41477317953460435
804,1,0.5852268204653956
805,0,0.44452280156796253
805,1,0.5554771984320375
806,0,0.4453670824926049
806,1,0.5546329175073951
807,0,0.4221688885688107
807,1,0.5778311114311894
808,0,0.47581499880211453
808,1,0.5241850011978855
809,0,0.471193416452776
809,1,0.528806583547224
810,0,0.5135843592749135
810,1,0.4864156407250865
811,0,0.5226028772831495
811,1,0.4773971227168506
812,0,0.44122775129286174
812,1,0.5587722487071383
813,0,0.4433085899939939
813,1,0.5566914100060061
814,0,0.5157019751564946
814,1,0.48429802484350537
815,0,0.59221574697742
815,1,0.40778425302258003
816,0,0.4700695520780829
816,1,0.5299304479219171
817,0,0.5613324897381119
817,1,0.4386675102618881
818,0,0.5647809141244402
818,1,0.4352190858755598
819,0,0.46428498219840747
819,1,0.5357150178015926
820,0,0.5040899172523805
820,1,0.4959100827476195
821,0,0.5077987731265946
821,1,0.4922012268734054
822,0,0.5093913454527459
822,1,0.4906086545472541
823,0,0.476806460735019
823,1,0.523193539264981
824,0,0.5184694436053463
824,1,0.4815305563946537
825,0,0.4788873115788691
825,1,0.5211126884211309
826,0,0.3972706286031802
826,1,0.6027293713968198
827,0,0.4737574735481752
827,1,0.5262425264518248
828,0,0.3920070049677968
828,1,0.6079929950322032
829,0,0.49483858412688364
829,1,0.5051614158731164
830,0,0.5170238431150309
830,1,0.4829761568849691
831,0,0.43841617849649683
831,1,0.5615838215035032
832,0,0.5030153248761263
832,1,0.4969846751238737
833,0,0.43500766252964873
833,1,0.5649923374703513
834,0,0.4153425837426281
834,1,0.5846574162573719
835,0,0.3682615770169244
835,1,0.6317384229830756
836,0,0.3340677964763292
836,1,0.6659322035236708
837,0,0.4120879672214037
837,1,0.5879120327785963
838,0,0.41789635105251055
838,1,0.5821036489474894
839,0,0.5944784945458015
839,1,0.4055215054541985
840,0,0.6371871256548809
840,1,0.3628128743451191
841,0,0.4101236309032594
841,1,0.5898763690967406
842,0,0.38235823167204264
842,1,0.6176417683279574
843,0,0.6686714391025217
843,1,0.33132856089747836
844,0,0.6185146824315031
844,1,0.3814853175684969
845,0,0.3310562515214255
845,1,0.6689437484785745
846,0,0.3182630687848816
846,1,0.6817369312151185
847,0,0.34088235247846554
847,1,0.6591176475215345
848,0,0.31844559402581973
848,1,0.6815544059741803
849,0,0.3299144756465816
849,1,0.6700855243534184
850,0,0.41768098699308376
850,1,0.5823190130069162
851,0,0.36538237891819414
851,1,0.6346176210818059
852,0,0.39259739707177155
852,1,0.6074026029282285
853,0,0.3588439924902602
853,1,0.6411560075097398
854,0,0.3625188575429672
854,1,0.6374811424570328
855,0,0.5272633076400285
855,1,0.4727366923599715
856,0,0.516773952008065
856,1,0.483226047991935
857,0,0.42639405274982267
857,1,0.5736059472501773
858,0,0.38494957417637976
858,1,0.6150504258236202
859,0,0.35642649156517653
859,1,0.6435735084348235
860,0,0.36462132001010195
860,1,0.635378679989898
861,0,0.29719274815222924
861,1,0.7028072518477708
862,0,0.304586563197324
862,1,0.695413436802676
863,0,0.3560916674118793
863,1,0.6439083325881207
864,0,0.3657910261649578
864,1,0.6342089738350423
865,0,0.4132712446069685
865,1,0.5867287553930315
866,0,0.35742382072055223
866,1,0.6425761792794478
867,0,0.3379338026746015
867,1,0.6620661973253985
868,0,0.348634035883602
868,1,0.651365964116398
869,0,0.30797609181096286
869,1,0.6920239081890371
870,0,0.396427986900486
870,1,0.603572013099514
871,0,0.38253818817621366
871,1,0.6174618118237863
872,0,0.3610157535392178
872,1,0.6389842464607822
873,0,0.3845067332262961
873,1,0.6154932667737039
874,0,0.41916232690807675
874,1,0.5808376730919232
875,0,0.42573494221201724
875,1,0.5742650577879828
876,0,0.47435451184839283
876,1,0.5256454881516072
877,0,0.4128699443654933
877,1,0.5871300556345067
878,0,0.38409706005737476
878,1,0.6159029399426252
879,0,0.41217623506072565
879,1,0.5878237649392744
880,0,0.3455976133254876
880,1,0.6544023866745123
881,0,0.4037397221671656
881,1,0.5962602778328344
882,0,0.34989697875790027
882,1,0.6501030212420997
883,0,0.36969313912878976
883,1,0.6303068608712102
884,0,0.2957226330379276
884,1,0.7042773669620723
885,0,0.36757214472901756
885,1,0.6324278552709824
886,0,0.3607536318954516
886,1,0.6392463681045484
887,0,0.36760971355891303
887,1,0.632390286441087
888,0,0.35016154283667955
888,1,0.6498384571633204
889,0,0.3309889111709976
889,1,0.6690110888290024
890,0,0.35634660597892825
890,1,0.6436533940210718
891,0,0.38300689951318123
891,1,0.6169931004868188
892,0,0.35902660195383573
892,1,0.6409733980461643
893,0,0.6217984518372341
893,1,0.37820154816276585
894,0,0.5586629667744807
894,1,0.4413370332255193
895,0,0.599424250457443
895,1,0.40057574954255704
896,0,0.5651469817115593
896,1,0.4348530182884407
897,0,0.3573657282326381
897,1,0.6426342717673619
898,0,0.3827113739523724
898,1,0.6172886260476276
899,0,0.34753820176250283
899,1,0.6524617982374972
900,0,0.405320781755477
900,1,0.5946792182445231
901,0,0.4571134377981909
901,1,0.5428865622018091
902,0,0.4692961109088051
902,1,0.5307038890911949
903,0,0.39099983781205583
903,1,0.6090001621879442
904,0,0.3805887562020205
904,1,0.6194112437979795
905,0,0.4196307527555161
905,1,0.5803692472444839
906,0,0.4169091793252356
906,1,0.5830908206747645
907,0,0.3977711429523785
907,1,0.6022288570476215
908,0,0.4325094552929085
908,1,0.5674905447070915
909,0,0.4201984233165502
909,1,0.5798015766834498
910,0,0.4388605098385617
910,1,0.5611394901614384
911,0,0.4369933316373351
911,1,0.5630066683626649
912,0,0.4114406173105405
912,1,0.5885593826894595
913,0,0.45435379983760993
913,1,0.5456462001623901
914,0,0.3842269787517767
914,1,0.6157730212482233
915,0,0.4122748208307669
915,1,0.5877251791692331
916,0,0.398977527078746
916,1,0.601022472921254
917,0,0.36611553591502133
917,1,0.6338844640849787
918,0,0.3939413486989035
918,1,0.6060586513010965
919,0,0.40627438513233227
919,1,0.5937256148676677
920,0,0.36401494342460805
920,1,0.635985056575392
921,0,0.2859315348956122
921,1,0.7140684651043878
922,0,0.2920221527944944
922,1,0.7079778472055056
923,0,0.3251378742275467
923,1,0.6748621257724533
924,0,0.35712960985681425
924,1,0.6428703901431858
925,0,0.343748910517535
925,1,0.656251089482465
926,0,0.337542786607274
926,1,0.662457213392726
927,0,0.37722015296459
927,1,0.62277984703541
928,0,0.40262384967345777
928,1,0.5973761503265422
929,0,0.4901227189864429
929,1,0.5098772810135571
930,0,0.47851864600199223
930,1,0.5214813539980078
931,0,0.4294423207781134
931,1,0.5705576792218866
932,0,0.416407262183055
932,1,0.583592737816945
933,0,0.4131751966245575
933,1,0.5868248033754425
934,0,0.43702894046040486
934,1,0.5629710595395951
935,0,0.3641222250292033
935,1,0.6358777749707967
936,0,0.3718462711975985
936,1,0.6281537288024015
937,0,0.3840410140423345
937,1,0.6159589859576655
938,0,0.34405073497834837
938,1,0.6559492650216516
939,0,0.3639995581223576
939,1,0.6360004418776424
940,0,0.42151812298647295
940,1,0.578481877013527
941,0,0.386910556927501
941,1,0.613089443072499
942,0,0.31233315538109396
942,1,0.687666844618906
943,0,0.34350325306118734
943,1,0.6564967469388127
944,0,0.31167098776797697
944,1,0.688329012232023
945,0,0.367152258518318
945,1,0.632847741481682
946,0,0.27334348427723953
946,1,0.7266565157227605
947,0,0.3151618668507161
947,1,0.6848381331492839
948,0,0.3168533447785704
948,1,0.6831466552214296
949,0,0.27149764788645386
949,1,0.7285023521135461
950,0,0.2885638415786873
950,1,0.7114361584213127
951,0,0.29287714683785504
951,1,0.707122853162145
952,0,0.286894147565915
952,1,0.713105852434085
953,0,0.3233931556233325
953,1,0.6766068443766675
954,0,0.2737878165567723
954,1,0.7262121834432277
955,0,0.4869303224421496
955,1,0.5130696775578504
956,0,0.4880655035963895
956,1,0.5119344964036106
957,0,0.347552376700018
957,1,0.6524476232999821
958,0,0.38741051447903474
958,1,0.6125894855209653
959,0,0.3524935736462236
959,1,0.6475064263537764
960,0,0.38103364308598175
960,1,0.6189663569140182
961,0,0.37611559526865757
961,1,0.6238844047313424
962,0,0.40050971390075685
962,1,0.5994902860992432
963,0,0.3933733504395587
963,1,0.6066266495604413
964,0,0.39465836380242664
964,1,0.6053416361975734
965,0,0.3706767275064785
965,1,0.6293232724935215
966,0,0.3919988571135294
966,1,0.6080011428864707
967,0,0.39841556239234854
967,1,0.6015844376076515
968,0,0.3666929693024832
968,1,0.6333070306975168
969,0,0.37395405222135336
969,1,0.6260459477786466
970,0,0.3543470513795023
970,1,0.6456529486204977
971,0,0.35821993563527005
971,1,0.64178006436473
972,0,0.37912278815184897
972,1,0.620877211848151
973,0,0.31449095032248475
973,1,0.6855090496775152
974,0,0.3601557522036506
974,1,0.6398442477963494
975,0,0.3719917924535252
975,1,0.6280082075464748
976,0,0.3533906217457722
976,1,0.6466093782542278
977,0,0.27967254988597734
977,1,0.7203274501140227
978,0,0.3846898617632266
978,1,0.6153101382367734
979,0,0.4176793402217065
979,1,0.5823206597782935
980,0,0.3969010470302258
980,1,0.6030989529697742
981,0,0.37624540236910925
981,1,0.6237545976308907
982,0,0.3942024386169571
982,1,0.6057975613830429
983,0,0.36305488842492395
983,1,0.636945111575076
984,0,0.3391640970944839
984,1,0.6608359029055161
985,0,0.3034694422583717
985,1,0.6965305577416283
986,0,0.3395629824087663
986,1,0.6604370175912337
987,0,0.29913955943065346
987,1,0.7008604405693466
988,0,0.3903418075488163
988,1,0.6096581924511837
989,0,0.380006664914742
989,1,0.619993335085258
990,0,0.37543395671461965
990,1,0.6245660432853803
991,0,0.33247880293177134
991,1,0.6675211970682287
992,0,0.3210065894210123
992,1,0.6789934105789877
993,0,0.3813973624729914
993,1,0.6186026375270086
994,0,0.3382018388159509
994,1,0.6617981611840491
995,0,0.35884685285285345
995,1,0.6411531471471466
996,0,0.3720055421271483
996,1,0.6279944578728517
997,0,0.31644062681261775
997,1,0.6835593731873822
998,0,0.3994771647792893
998,1,0.6005228352207107
999,0,0.3998370651590276
999,1,0.6001629348409724
1000,0,0.44250074964838415
1000,1,0.5574992503516158
